"EmployeeID","Year","ShipCountry","Sales","Discount","Freight"
"1","1994","Austria","760.0000","0.2","140.5100"
"1","1994","Austria","1105.0000","0.2","140.5100"
"1","1994","Austria","153.6000","0.2","140.5100"
"1","1994","Finland","456.0000","0","136.5400"
"1","1994","Finland","920.0000","0","136.5400"
"1","1994","Italy","43.2000","0.05","26.9300"
"1","1994","Italy","264.0000","0.05","26.9300"
"1","1994","Germany","648.0000","0.2","76.8300"
"1","1994","Germany","588.0000","0.2","76.8300"
"1","1994","Germany","943.2000","0.2","76.8300"
"1","1994","Brazil","1296.0000","0","1.3500"
"1","1994","Mexico","600.0000","0","21.1800"
"1","1994","Mexico","36.0000","0","21.1800"
"1","1994","Mexico","175.5000","0","21.1800"
"1","1994","Mexico","37.2000","0","21.1800"
"1","1994","Mexico","480.0000","0","63.7900"
"1","1994","Mexico","440.0000","0","63.7900"
"1","1994","Mexico","34.4000","0","63.7900"
"1","1994","Spain","207.0000","0","7.5600"
"1","1994","Spain","262.0000","0","7.5600"
"1","1994","Spain","29.5000","0","7.5600"
"1","1994","France","67.2000","0","24.6900"
"1","1994","France","201.6000","0","24.6900"
"1","1994","USA","1024.0000","0.1","74.1600"
"1","1994","USA","318.0000","0.1","74.1600"
"1","1994","USA","985.0000","0.1","74.1600"
"1","1994","USA","77.0000","0","150.1500"
"1","1994","USA","2758.0000","0","150.1500"
"1","1994","Germany","120.0000","0","64.8600"
"1","1994","Germany","57.6000","0","64.8600"
"1","1994","Germany","167.4000","0","64.8600"
"1","1994","Germany","40.0000","0","64.8600"
"1","1994","Germany","1112.0000","0","64.8600"
"1","1994","France","1000.0000","0.05","166.3100"
"1","1994","France","92.4000","0.05","166.3100"
"1","1994","France","1472.0000","0.05","166.3100"
"1","1994","Austria","4216.0000","0.05","162.3300"
"1","1994","Austria","100.1000","0","162.3300"
"1","1994","Austria","1193.5000","0.05","162.3300"
"1","1994","Austria","168.0000","0.05","162.3300"
"1","1994","Venezuela","744.0000","0.2","34.8800"
"1","1994","Venezuela","398.4000","0","34.8800"
"1","1994","Venezuela","217.6000","0.2","34.8800"
"1","1994","Germany","777.6000","0.1","183.1700"
"1","1994","Germany","1496.0000","0.1","183.1700"
"1","1994","UK","864.0000","0","71.9700"
"1","1994","UK","86.0000","0","71.9700"
"1","1995","France","91.2000","0.2","0.4500"
"1","1995","Poland","300.0000","0","3.9400"
"1","1995","Poland","159.0000","0","3.9400"
"1","1995","Canada","420.0000","0.05","20.3900"
"1","1995","UK","728.0000","0.15","22.2100"
"1","1995","UK","288.0000","0.15","22.2100"
"1","1995","USA","240.0000","0.2","30.9600"
"1","1995","USA","544.0000","0.2","30.9600"
"1","1995","USA","80.0000","0.2","30.9600"
"1","1995","Norway","54.0000","0","93.6300"
"1","1995","Norway","218.4000","0","93.6300"
"1","1995","Norway","528.0000","0","93.6300"
"1","1995","Norway","258.0000","0","93.6300"
"1","1995","USA","380.0000","0.25","126.5600"
"1","1995","USA","781.2000","0.25","126.5600"
"1","1995","USA","78.4000","0.25","126.5600"
"1","1995","USA","1743.0000","0.25","126.5600"
"1","1995","USA","320.0000","0","126.5600"
"1","1995","USA","48.0000","0","30.3400"
"1","1995","USA","394.0000","0","30.3400"
"1","1995","Germany","288.0000","0","135.3500"
"1","1995","Germany","1032.0000","0","135.3500"
"1","1995","Germany","583.8000","0","135.3500"
"1","1995","UK","2079.0000","0","83.9300"
"1","1995","UK","504.0000","0","83.9300"
"1","1995","UK","480.0000","0","83.9300"
"1","1995","USA","372.6000","0","12.5100"
"1","1995","USA","2128.0000","0","12.5100"
"1","1995","USA","336.0000","0","12.5100"
"1","1995","USA","1032.0000","0","12.5100"
"1","1995","Venezuela","400.0000","0","34.8200"
"1","1995","UK","153.0000","0.1","25.3600"
"1","1995","UK","300.0000","0.1","25.3600"
"1","1995","Venezuela","320.0000","0.25","148.6100"
"1","1995","Venezuela","579.6000","0.25","148.6100"
"1","1995","Venezuela","1152.0000","0.25","148.6100"
"1","1995","Denmark","90.0000","0","145.0400"
"1","1995","Denmark","1782.0000","0.1","145.0400"
"1","1995","Denmark","294.0000","0","145.0400"
"1","1995","Denmark","228.0000","0.1","145.0400"
"1","1995","Denmark","325.0000","0","145.0400"
"1","1995","USA","608.0000","0.15","60.1800"
"1","1995","USA","486.5000","0.15","60.1800"
"1","1995","USA","31.0000","0.15","60.1800"
"1","1995","UK","24.0000","0","16.3700"
"1","1995","UK","206.4000","0","16.3700"
"1","1995","USA","147.0000","0","7.4800"
"1","1995","Venezuela","84.0000","0","30.5300"
"1","1995","Venezuela","1060.0000","0","30.5300"
"1","1995","Venezuela","128.0000","0","30.5300"
"1","1995","Germany","60.0000","0","4.9900"
"1","1995","Germany","180.0000","0","4.9900"
"1","1995","Sweden","62.0000","0","244.7900"
"1","1995","Sweden","258.9000","0","244.7900"
"1","1995","Sweden","2760.0000","0","244.7900"
"1","1995","Sweden","111.7500","0","244.7900"
"1","1995","France","570.0000","0","11.0600"
"1","1995","France","276.0000","0.1","11.0600"
"1","1995","Switzerland","375.0000","0","78.8500"
"1","1995","Switzerland","318.0000","0","78.8500"
"1","1995","Switzerland","265.0000","0","78.8500"
"1","1995","Switzerland","730.8000","0","78.8500"
"1","1995","Switzerland","135.0000","0","78.8500"
"1","1995","Germany","315.0000","0.05","10.9500"
"1","1995","Germany","178.8000","0.05","10.9500"
"1","1995","France","300.0000","0","194.7200"
"1","1995","France","540.0000","0","194.7200"
"1","1995","France","1972.0000","0","194.7200"
"1","1995","UK","237.5000","0","72.9700"
"1","1995","UK","1060.0000","0","72.9700"
"1","1995","UK","210.0000","0","72.9700"
"1","1995","UK","590.4000","0","72.9700"
"1","1995","UK","45.0000","0","72.9700"
"1","1995","Italy","50.0000","0.1","22.9500"
"1","1995","Italy","493.0000","0.1","22.9500"
"1","1995","Ireland","750.0000","0.2","33.9700"
"1","1995","Ireland","159.0000","0","33.9700"
"1","1995","Ireland","2200.0000","0.2","33.9700"
"1","1995","USA","155.0000","0","13.7300"
"1","1995","USA","162.7500","0","13.7300"
"1","1995","Brazil","187.3800","0","62.5200"
"1","1995","Brazil","360.0000","0","62.5200"
"1","1995","Brazil","260.0000","0","62.5200"
"1","1995","Denmark","140.0000","0","55.9200"
"1","1995","Denmark","300.0000","0","55.9200"
"1","1995","Denmark","372.5000","0","55.9200"
"1","1995","USA","2195.0000","0","44.4200"
"1","1995","USA","193.5000","0","44.4200"
"1","1995","Portugal","76.5000","0.1","7.4600"
"1","1995","Portugal","180.0000","0.1","7.4600"
"1","1995","Canada","523.5000","0.05","379.1300"
"1","1995","Canada","1100.0000","0.05","379.1300"
"1","1995","Canada","2380.0000","0.05","379.1300"
"1","1995","Canada","322.5000","0.05","379.1300"
"1","1995","USA","2170.0000","0","544.0800"
"1","1995","USA","1045.0000","0","544.0800"
"1","1995","USA","360.0000","0","544.0800"
"1","1995","USA","1360.0000","0","544.0800"
"1","1995","USA","1440.0000","0","544.0800"
"1","1995","USA","3952.5000","0.05","116.5300"
"1","1995","USA","532.0000","0","116.5300"
"1","1995","USA","225.0000","0.05","116.5300"
"1","1995","USA","322.5000","0.05","116.5300"
"1","1995","Canada","1750.0000","0","154.6800"
"1","1995","Canada","760.0000","0","154.6800"
"1","1995","Canada","187.5000","0","154.6800"
"1","1995","Sweden","393.6000","0","138.6900"
"1","1995","Sweden","680.0000","0","138.6900"
"1","1995","Sweden","430.0000","0","138.6900"
"1","1995","Germany","288.0000","0.05","32.3500"
"1","1995","Germany","630.0000","0","32.3500"
"1","1995","Germany","523.5000","0.1","93.2500"
"1","1995","Germany","680.0000","0.1","93.2500"
"1","1995","Italy","193.0000","0.2","4.4100"
"1","1995","Portugal","744.0000","0.15","1.2700"
"1","1995","Portugal","456.0000","0.15","1.2700"
"1","1995","Portugal","315.7500","0.15","1.2700"
"1","1995","USA","1060.0000","0","26.3100"
"1","1995","USA","55.0000","0","26.3100"
"1","1995","USA","180.0000","0","26.3100"
"1","1995","Germany","100.0000","0.1","47.2200"
"1","1995","Germany","96.0000","0.1","47.2200"
"1","1995","Germany","498.7500","0.1","47.2200"
"1","1995","France","174.5000","0","30.3400"
"1","1995","France","493.0000","0","30.3400"
"1","1995","France","252.6000","0","30.3400"
"1","1995","Mexico","936.9000","0.15","4.0300"
"1","1995","Mexico","20.0000","0.15","4.0300"
"1","1995","USA","872.5000","0.25","26.6100"
"1","1995","USA","250.0000","0.25","26.6100"
"1","1995","USA","560.0000","0.25","26.6100"
"1","1995","Sweden","630.0000","0.25","13.4200"
"1","1995","Brazil","760.0000","0.25","15.8000"
"1","1995","Brazil","390.0000","0.25","15.8000"
"1","1995","Brazil","1600.0000","0","210.8000"
"1","1995","Brazil","1484.0000","0","210.8000"
"1","1995","Brazil","340.0000","0","210.8000"
"1","1995","Italy","46.0000","0","4.9800"
"1","1995","Italy","47.5000","0","4.9800"
"1","1995","USA","558.0000","0","167.0500"
"1","1995","USA","936.9000","0","167.0500"
"1","1995","USA","1045.0000","0","167.0500"
"1","1995","USA","288.0000","0","167.0500"
"1","1995","Germany","320.0000","0.05","59.2500"
"1","1995","Germany","111.7500","0","59.2500"
"1","1995","Germany","900.0000","0.05","59.2500"
"1","1995","Germany","1368.0000","0","170.8800"
"1","1995","Germany","349.0000","0","170.8800"
"1","1995","Germany","760.0000","0","170.8800"
"1","1995","Germany","986.0000","0","170.8800"
"1","1995","Sweden","372.0000","0","110.1100"
"1","1995","Sweden","912.0000","0","110.1100"
"1","1995","Sweden","175.0000","0","110.1100"
"1","1995","UK","336.0000","0.05","23.7200"
"1","1995","Switzerland","36.0000","0","31.4300"
"1","1995","Switzerland","392.0000","0","31.4300"
"1","1995","Switzerland","443.7000","0","31.4300"
"1","1995","Switzerland","1440.0000","0","31.4300"
"1","1996","Austria","1287.0000","0","96.4300"
"1","1996","Austria","875.0000","0.2","96.4300"
"1","1996","Austria","54.2500","0.2","96.4300"
"1","1996","Austria","200.0000","0.05","351.5300"
"1","1996","Austria","168.0000","0.05","351.5300"
"1","1996","Austria","256.5000","0.05","351.5300"
"1","1996","Austria","6360.0000","0.05","351.5300"
"1","1996","Venezuela","310.0000","0","1.5100"
"1","1996","Venezuela","77.5000","0","1.5100"
"1","1996","Germany","460.0000","0.05","42.7000"
"1","1996","Germany","310.0000","0.05","42.7000"
"1","1996","France","1875.0000","0","100.6000"
"1","1996","France","270.0000","0","100.6000"
"1","1996","France","1317.0000","0","100.6000"
"1","1996","France","225.0000","0","100.6000"
"1","1996","Poland","190.0000","0","23.7900"
"1","1996","Poland","22.3500","0","23.7900"
"1","1996","Poland","187.5000","0","23.7900"
"1","1996","UK","1050.0000","0.1","137.4400"
"1","1996","UK","530.0000","0.1","137.4400"
"1","1996","UK","52.1500","0.1","137.4400"
"1","1996","Brazil","228.0000","0.2","47.3800"
"1","1996","Brazil","420.0000","0","47.3800"
"1","1996","USA","360.0000","0","36.6800"
"1","1996","USA","318.0000","0","36.6800"
"1","1996","Germany","374.7600","0","79.2500"
"1","1996","Germany","656.0000","0","79.2500"
"1","1996","France","465.0000","0","63.5400"
"1","1996","France","378.0000","0","63.5400"
"1","1996","Brazil","990.3200","0.05","29.7800"
"1","1996","Brazil","517.8000","0.05","29.7800"
"1","1996","Germany","825.0000","0","69.5300"
"1","1996","Germany","26.0000","0.2","69.5300"
"1","1996","Mexico","315.0000","0","54.4200"
"1","1996","Mexico","230.0000","0","54.4200"
"1","1996","Mexico","250.0000","0","54.4200"
"1","1996","Mexico","180.0000","0","54.4200"
"1","1996","France","280.0000","0.15","49.1900"
"1","1996","France","10.0000","0.15","49.1900"
"1","1996","France","450.0000","0.15","49.1900"
"1","1996","Germany","180.0000","0.25","76.1000"
"1","1996","Germany","260.7500","0.25","76.1000"
"1","1996","Germany","997.5000","0.25","76.1000"
"1","1996","Brazil","523.5000","0.25","38.0600"
"1","1996","Brazil","1562.5000","0","38.0600"
"1","1996","Brazil","2170.0000","0","4.9900"
"1","1996","Brazil","437.5000","0","4.9900"
"1","1996","Brazil","520.0000","0","4.9900"
"1","1996","Spain","380.0000","0","51.8700"
"1","1996","Spain","225.0000","0","51.8700"
"1","1996","USA","168.0000","0.05","116.1300"
"1","1996","USA","1800.0000","0.05","116.1300"
"1","1996","USA","930.0000","0.05","116.1300"
"1","1996","Brazil","45.0000","0.25","1.6600"
"1","1996","Sweden","720.0000","0.15","44.1500"
"1","1996","Sweden","295.8000","0.15","44.1500"
"1","1996","Norway","360.0000","0","53.0500"
"1","1996","Norway","261.7500","0","53.0500"
"1","1996","Norway","48.2500","0","53.0500"
"1","1996","Finland","110.4000","0","38.1100"
"1","1996","Finland","200.0000","0","38.1100"
"1","1996","Finland","142.5000","0","38.1100"
"1","1996","Argentina","104.7000","0","63.7700"
"1","1996","Argentina","192.0000","0","63.7700"
"1","1996","Argentina","390.0000","0","63.7700"
"1","1996","Denmark","180.0000","0","176.4800"
"1","1996","Denmark","1756.0000","0","176.4800"
"1","1996","Spain","47.5000","0","1.3600"
"1","1996","Spain","90.0000","0","1.3600"
"1","1996","Denmark","775.0000","0","27.2000"
"1","1996","Denmark","112.5000","0","27.2000"
"1","1996","Denmark","520.0000","0","27.2000"
"1","1996","Italy","110.0000","0","2.5000"
"1","1996","Germany","400.0000","0.05","40.4200"
"1","1996","Germany","91.2000","0","40.4200"
"1","1996","Austria","1140.0000","0","74.6000"
"1","1996","Austria","135.0000","0","74.6000"
"1","1996","Austria","133.0000","0","74.6000"
"1","1996","Brazil","108.0000","0","0.2100"
"1","1996","Canada","640.0000","0","32.2700"
"1","1996","Canada","77.5000","0","32.2700"
"1","1996","Venezuela","912.0000","0","37.9700"
"1","1996","Brazil","15810.0000","0","193.3700"
"1","1996","USA","959.7500","0","211.2200"
"1","1996","USA","90.0000","0","211.2200"
"1","1996","USA","760.0000","0","211.2200"
"1","1996","Germany","950.0000","0.2","38.5100"
"1","1996","Germany","300.0000","0.2","38.5100"
"1","1996","Germany","1620.0000","0.2","38.5100"
"1","1996","USA","69.6000","0","4.2700"
"1","1996","Mexico","1060.0000","0","46.0000"
"1","1996","Mexico","136.0000","0","46.0000"
"1","1996","Germany","460.0000","0.05","242.9500"
"1","1996","Germany","1224.0000","0.05","242.9500"
"1","1996","Germany","1290.0000","0.05","242.9500"
"1","1996","UK","120.0000","0","123.8300"
"1","1996","UK","1380.0000","0","123.8300"
"1","1996","Canada","135.0000","0.25","52.5200"
"1","1996","Canada","1035.3000","0.25","52.5200"
"1","1996","Belgium","92.0000","0.2","29.5900"
"1","1996","Belgium","14.0000","0","29.5900"
"1","1996","Belgium","645.0000","0","29.5900"
"1","1996","Venezuela","912.0000","0","65.0000"
"1","1996","Venezuela","432.0000","0","65.0000"
"1","1996","Venezuela","1200.0000","0","65.0000"
"1","1996","Venezuela","546.0000","0","65.0000"
"1","1996","USA","3003.0000","0.1","30.0900"
"1","1996","USA","115.8000","0","30.0900"
"1","1996","USA","820.0000","0.1","30.0900"
"1","1996","USA","96.0000","0.1","30.0900"
"1","1996","USA","687.5000","0","30.0900"
"1","1996","Germany","86.8500","0","7.9800"
"1","1996","Mexico","360.0000","0","15.6700"
"1","1996","Venezuela","450.0000","0.05","0.9300"
"1","1996","Venezuela","60.0000","0.05","0.9300"
"1","1996","USA","456.0000","0.2","8.5300"
"1","1996","USA","40.0000","0","8.5300"
"1","1996","USA","22.0000","0","8.5300"
"1","1996","USA","25.0000","0.02","8.5300"
"1","1996","USA","30.0000","0.05","8.5300"
"1","1996","USA","80.0000","0.1","8.5300"
"1","1996","USA","31.0000","0","8.5300"
"1","1996","USA","76.0000","0.05","8.5300"
"1","1996","USA","24.0000","0","8.5300"
"1","1996","USA","23.2500","0.03","8.5300"
"1","1996","USA","34.9000","0.03","8.5300"
"1","1996","USA","81.0000","0.04","8.5300"
"1","1996","USA","18.0000","0","8.5300"
"1","1996","USA","32.0000","0","8.5300"
"1","1996","USA","36.0000","0.05","8.5300"
"1","1996","USA","28.9500","0","8.5300"
"1","1996","USA","36.0000","0.02","8.5300"
"1","1996","USA","14.0000","0","8.5300"
"1","1996","USA","48.0000","0","8.5300"
"1","1996","USA","68.0000","0.06","8.5300"
"1","1996","USA","66.5000","0.03","8.5300"
"1","1996","USA","17.0000","0","8.5300"
"1","1996","USA","30.0000","0.01","8.5300"
"1","1996","USA","31.0000","0","8.5300"
"1","1996","USA","26.0000","0","8.5300"
"2","1994","France","936.0000","0","55.2800"
"2","1994","France","240.0000","0","55.2800"
"2","1994","Germany","728.0000","0","125.7700"
"2","1994","Germany","472.8000","0","125.7700"
"2","1994","Sweden","43.2000","0","8.9800"
"2","1994","Sweden","384.0000","0","8.9800"
"2","1994","Sweden","186.0000","0","8.9800"
"2","1994","France","121.6000","0","1.1500"
"2","1994","Italy","408.0000","0","17.6800"
"2","1994","Italy","200.0000","0","17.6800"
"2","1994","USA","394.0000","0","0.5600"
"2","1994","USA","30.0000","0","0.5600"
"2","1994","Germany","145.6000","0","40.2600"
"2","1994","Germany","883.2000","0","40.2600"
"2","1994","Germany","524.0000","0","40.2600"
"2","1994","Germany","62.0000","0","40.2600"
"2","1994","Germany","182.4000","0","1.9600"
"2","1994","Sweden","380.0000","0.2","63.3600"
"2","1994","Sweden","840.0000","0.2","63.3600"
"2","1994","Sweden","724.5000","0.2","63.3600"
"2","1994","Sweden","318.0000","0.2","63.3600"
"2","1994","Canada","176.0000","0","15.6600"
"2","1994","Canada","2184.0000","0.05","15.6600"
"2","1994","Canada","1103.2000","0","15.6600"
"2","1994","Germany","2240.0000","0","249.0600"
"2","1994","Germany","584.0000","0","249.0600"
"2","1994","Germany","100.8000","0","249.0600"
"2","1994","Austria","40.0000","0.1","101.9500"
"2","1994","Austria","473.2000","0.1","101.9500"
"2","1994","Austria","390.0000","0","101.9500"
"2","1994","Austria","931.0000","0.1","101.9500"
"2","1995","Brazil","61.6000","0.1","45.0300"
"2","1995","Brazil","561.6000","0.1","45.0300"
"2","1995","Brazil","336.0000","0.1","45.0300"
"2","1995","UK","114.0000","0.2","34.8600"
"2","1995","UK","112.0000","0.2","34.8600"
"2","1995","UK","1048.0000","0","34.8600"
"2","1995","Austria","1440.0000","0","122.4600"
"2","1995","USA","432.0000","0","89.1600"
"2","1995","USA","2304.0000","0.1","89.1600"
"2","1995","Italy","747.0000","0.05","155.9700"
"2","1995","Italy","448.0000","0.05","155.9700"
"2","1995","Italy","480.0000","0.05","155.9700"
"2","1995","Germany","504.0000","0","91.4800"
"2","1995","Germany","432.0000","0","91.4800"
"2","1995","Germany","258.0000","0","91.4800"
"2","1995","Brazil","131.4000","0.05","21.4800"
"2","1995","Brazil","100.0000","0","21.4800"
"2","1995","Italy","49.8000","0","3.0200"
"2","1995","Germany","1584.0000","0","11.5700"
"2","1995","UK","4.8000","0","6.1700"
"2","1995","UK","151.2000","0","6.1700"
"2","1995","UK","720.0000","0","45.5900"
"2","1995","UK","608.0000","0","45.5900"
"2","1995","France","496.0000","0.05","4.8100"
"2","1995","Brazil","36.5000","0","71.0700"
"2","1995","Brazil","747.0000","0","71.0700"
"2","1995","Brazil","141.6000","0.25","71.0700"
"2","1995","Mexico","199.5000","0","69.3200"
"2","1995","Mexico","196.8000","0","69.3200"
"2","1995","Mexico","420.0000","0","69.3200"
"2","1995","Germany","1552.0000","0.15","204.4700"
"2","1995","Germany","872.5000","0","204.4700"
"2","1995","Germany","5268.0000","0","204.4700"
"2","1995","Germany","40.0000","0.15","204.4700"
"2","1995","Germany","2856.0000","0.15","204.4700"
"2","1995","Ireland","1562.5000","0.1","62.7800"
"2","1995","Ireland","772.0000","0.1","62.7800"
"2","1995","Ireland","280.0000","0","62.7800"
"2","1995","Brazil","157.5000","0.1","68.6500"
"2","1995","Brazil","1054.0000","0.1","68.6500"
"2","1995","Brazil","757.8000","0.1","68.6500"
"2","1995","Brazil","193.5000","0.1","68.6500"
"2","1995","Venezuela","648.0000","0","83.2200"
"2","1995","Venezuela","232.5000","0","83.2200"
"2","1995","Finland","315.0000","0","149.4900"
"2","1995","Finland","244.3000","0","149.4900"
"2","1995","Finland","504.0000","0","149.4900"
"2","1995","Finland","375.0000","0","149.4900"
"2","1995","Finland","108.0000","0","149.4900"
"2","1995","Denmark","835.2000","0","9.8000"
"2","1995","Sweden","194.5000","0","242.2100"
"2","1995","Sweden","2650.0000","0","242.2100"
"2","1995","Brazil","475.0000","0","60.4300"
"2","1995","Brazil","490.0000","0","60.4300"
"2","1995","Finland","1237.9000","0","7.2800"
"2","1995","Finland","816.0000","0.15","7.2800"
"2","1995","Finland","360.0000","0.15","7.2800"
"2","1995","Germany","2500.0000","0.2","194.6700"
"2","1995","Germany","1400.0000","0.2","194.6700"
"2","1995","Austria","540.0000","0.25","96.7800"
"2","1995","Austria","3420.0000","0.25","96.7800"
"2","1995","Austria","2340.0000","0.25","96.7800"
"2","1995","Finland","120.0000","0","0.7500"
"2","1995","Canada","22.5000","0","0.9400"
"2","1995","Canada","35.0000","0","0.9400"
"2","1995","USA","775.0000","0","352.6900"
"2","1995","USA","231.6000","0","352.6900"
"2","1995","USA","540.0000","0","352.6900"
"2","1995","USA","95.0000","0","352.6900"
"2","1995","USA","1710.0000","0","352.6900"
"2","1995","USA","1020.0000","0","352.6900"
"2","1995","France","552.0000","0.05","113.1500"
"2","1995","France","420.0000","0.05","113.1500"
"2","1995","France","1060.0000","0.05","113.1500"
"2","1995","Denmark","570.0000","0","24.3900"
"2","1995","Finland","52.3500","0","22.7600"
"2","1995","Finland","84.0000","0","22.7600"
"2","1995","Finland","276.0000","0","22.7600"
"2","1995","Mexico","62.0000","0","2.0100"
"2","1995","Mexico","64.4000","0","2.0100"
"2","1995","Mexico","408.4500","0","2.0100"
"2","1995","France","63.0000","0","4.4000"
"2","1995","Austria","1170.0000","0.2","96.5000"
"2","1995","Austria","468.4500","0","96.5000"
"2","1995","Germany","540.0000","0","810.0500"
"2","1995","Germany","4951.6000","0","810.0500"
"2","1995","Germany","1840.0000","0","810.0500"
"2","1995","Germany","466.8000","0","810.0500"
"2","1995","Germany","2366.4000","0","810.0500"
"2","1995","Italy","780.0000","0.05","89.9000"
"2","1995","Italy","380.0000","0.05","89.9000"
"2","1995","Italy","550.0000","0.05","89.9000"
"2","1995","Brazil","750.0000","0","1.6300"
"2","1995","Brazil","388.3500","0","1.6300"
"2","1995","Brazil","360.0000","0","1.6300"
"2","1995","France","24.0000","0","7.7900"
"2","1995","France","115.8000","0","7.7900"
"2","1995","France","52.3500","0","2.9100"
"2","1995","UK","144.0000","0","1.3900"
"2","1995","UK","108.0000","0","1.3900"
"2","1996","Venezuela","525.0000","0","42.1300"
"2","1996","Venezuela","195.0000","0","42.1300"
"2","1996","Finland","22.3500","0.2","73.1600"
"2","1996","Finland","760.0000","0.2","73.1600"
"2","1996","Finland","350.0000","0","73.1600"
"2","1996","France","285.0000","0.05","249.9300"
"2","1996","France","2475.8000","0.05","249.9300"
"2","1996","UK","98.6000","0","2.3300"
"2","1996","UK","348.0000","0","2.3300"
"2","1996","USA","140.0000","0","237.3400"
"2","1996","USA","2635.0000","0","237.3400"
"2","1996","USA","760.0000","0.15","45.5300"
"2","1996","USA","900.0000","0.15","45.5300"
"2","1996","Canada","42.0000","0","4.3300"
"2","1996","Canada","70.0000","0","4.3300"
"2","1996","Canada","75.0000","0","4.3300"
"2","1996","USA","40.0000","0","14.6200"
"2","1996","Argentina","322.0000","0","19.7600"
"2","1996","Argentina","155.0000","0","19.7600"
"2","1996","France","18.0000","0.2","43.2600"
"2","1996","France","140.0000","0.2","43.2600"
"2","1996","France","311.2000","0.2","43.2600"
"2","1996","France","99.7500","0","43.2600"
"2","1996","Belgium","462.0000","0","56.4600"
"2","1996","Belgium","450.0000","0","56.4600"
"2","1996","Belgium","200.0000","0","56.4600"
"2","1996","France","150.0000","0","52.5100"
"2","1996","France","439.0000","0","52.5100"
"2","1996","France","60.0000","0","52.5100"
"2","1996","Germany","15810.0000","0.05","348.1400"
"2","1996","Germany","1440.0000","0.05","348.1400"
"2","1996","Ireland","840.0000","0.25","580.9100"
"2","1996","Ireland","7427.4000","0.25","580.9100"
"2","1996","Mexico","390.0000","0","3.5100"
"2","1996","Mexico","75.0000","0","3.5100"
"2","1996","Mexico","74.5000","0","3.5100"
"2","1996","Venezuela","418.8000","0","19.8000"
"2","1996","Venezuela","336.0000","0","19.8000"
"2","1996","Venezuela","368.0000","0","19.8000"
"2","1996","Italy","190.0000","0.15","76.3300"
"2","1996","Italy","560.0000","0.15","76.3300"
"2","1996","Canada","300.0000","0","74.4400"
"2","1996","Canada","930.0000","0","74.4400"
"2","1996","Canada","234.0000","0","74.4400"
"2","1996","Canada","2958.0000","0","74.4400"
"2","1996","Germany","110.4000","0","62.2200"
"2","1996","Germany","800.0000","0","62.2200"
"2","1996","France","1733.0600","0","121.8200"
"2","1996","Canada","600.0000","0","14.0100"
"2","1996","Canada","414.0000","0","14.0100"
"2","1996","USA","504.0000","0.15","657.5400"
"2","1996","USA","292.5000","0","657.5400"
"2","1996","Ireland","628.2000","0.1","91.5100"
"2","1996","Ireland","500.0000","0.1","91.5100"
"2","1996","Ireland","1120.0000","0.1","91.5100"
"2","1996","Brazil","1000.0000","0","34.7600"
"2","1996","Brazil","315.0000","0","34.7600"
"2","1996","Brazil","38.6000","0","34.7600"
"2","1996","Austria","650.0000","0","117.6100"
"2","1996","Austria","840.0000","0.15","117.6100"
"2","1996","Austria","1560.0000","0.15","117.6100"
"2","1996","Austria","1881.0000","0.15","117.6100"
"2","1996","Denmark","990.0000","0.05","65.5300"
"2","1996","USA","550.0000","0.25","55.1200"
"2","1996","USA","135.0000","0.25","55.1200"
"2","1996","USA","390.0000","0","55.1200"
"2","1996","Sweden","1800.0000","0","197.3000"
"2","1996","Sweden","525.0000","0","197.3000"
"2","1996","Sweden","300.0000","0","197.3000"
"2","1996","Sweden","144.0000","0","197.3000"
"2","1996","Finland","36.0000","0","0.7500"
"2","1996","Finland","550.0000","0","0.7500"
"2","1996","Spain","54.0000","0","59.1100"
"2","1996","Spain","342.0000","0.25","59.1100"
"2","1996","Spain","306.0000","0","59.1100"
"2","1996","Italy","600.0000","0","28.7100"
"2","1996","Italy","45.0000","0","28.7100"
"2","1996","Spain","90.0000","0","32.9900"
"2","1996","Spain","56.0000","0","32.9900"
"2","1996","Spain","190.0000","0","32.9900"
"2","1996","Spain","25.0000","0","32.9900"
"2","1996","Venezuela","270.2000","0.1","23.6000"
"2","1996","Norway","388.3500","0","4.6200"
"2","1996","Norway","234.0000","0","4.6200"
"2","1996","Germany","744.0000","0.15","43.3000"
"2","1996","Germany","840.0000","0","29.5900"
"2","1996","Germany","1320.0000","0","29.5900"
"2","1996","USA","665.0000","0","606.1900"
"2","1996","USA","6587.5000","0","606.1900"
"2","1996","USA","1650.0000","0","606.1900"
"2","1996","Belgium","180.0000","0","0.1700"
"2","1996","Belgium","1080.0000","0","0.1700"
"2","1996","Belgium","420.0000","0","0.1700"
"2","1996","Belgium","74.5000","0","0.1700"
"2","1996","Brazil","291.7500","0","29.9900"
"2","1996","Brazil","114.0000","0","29.9900"
"2","1996","Austria","2187.5000","0.2","53.0500"
"2","1996","Austria","640.0000","0","53.0500"
"2","1996","Austria","831.2500","0.2","53.0500"
"2","1996","Brazil","180.0000","0","85.8000"
"2","1996","Brazil","468.0000","0","85.8000"
"2","1996","Brazil","1190.0000","0","85.8000"
"2","1996","Italy","136.0000","0","10.9800"
"2","1996","Italy","130.0000","0","10.9800"
"2","1996","Germany","720.0000","0.15","136.0000"
"2","1996","Germany","380.0000","0.15","136.0000"
"2","1996","Germany","523.5000","0.15","136.0000"
"2","1996","Germany","250.0000","0","136.0000"
"2","1996","Mexico","210.0000","0","24.9500"
"2","1996","Mexico","90.0000","0","24.9500"
"3","1994","France","100.8000","0.05","41.3400"
"3","1994","France","234.0000","0.05","41.3400"
"3","1994","France","336.0000","0","41.3400"
"3","1994","Brazil","200.0000","0","58.1700"
"3","1994","Brazil","604.8000","0","58.1700"
"3","1994","Brazil","640.0000","0","58.1700"
"3","1994","Brazil","393.0000","0","13.9700"
"3","1994","Brazil","124.8000","0","13.9700"
"3","1994","Finland","364.8000","0.05","25.7300"
"3","1994","Germany","595.2000","0.05","76.0700"
"3","1994","Germany","150.0000","0.05","76.0700"
"3","1994","Germany","40.0000","0","76.0700"
"3","1994","Germany","882.0000","0.05","76.0700"
"3","1994","Germany","475.2000","0.05","76.0700"
"3","1994","Venezuela","248.0000","0","84.8100"
"3","1994","Venezuela","131.4000","0","84.8100"
"3","1994","Venezuela","952.0000","0","84.8100"
"3","1994","Venezuela","83.4000","0","84.8100"
"3","1994","Ireland","352.0000","0","47.3000"
"3","1994","Ireland","600.0000","0","47.3000"
"3","1994","Ireland","22.4000","0","47.3000"
"3","1994","Ireland","736.0000","0","47.3000"
"3","1994","Ireland","51.6000","0","47.3000"
"3","1994","UK","144.0000","0","3.4300"
"3","1994","Venezuela","1245.0000","0.15","12.7500"
"3","1994","Venezuela","695.0000","0.15","12.7500"
"3","1994","Canada","2000.0000","0.2","52.8400"
"3","1994","Canada","112.0000","0.2","52.8400"
"3","1994","Canada","121.6000","0.2","52.8400"
"3","1994","USA","1123.2000","0.1","142.0800"
"3","1994","USA","608.0000","0","142.0800"
"3","1994","Portugal","36.0000","0","1.3000"
"3","1994","Portugal","118.0000","0.15","1.3000"
"3","1994","France","560.0000","0","96.0400"
"3","1994","France","848.0000","0","96.0400"
"3","1994","France","141.6000","0","96.0400"
"3","1994","Mexico","403.2000","0","22.0000"
"3","1995","USA","279.0000","0","20.1200"
"3","1995","USA","59.0000","0","20.1200"
"3","1995","Venezuela","112.0000","0","7.9900"
"3","1995","Sweden","1814.4000","0","168.6400"
"3","1995","Sweden","408.0000","0","168.6400"
"3","1995","Germany","86.4000","0","5.4500"
"3","1995","Argentina","223.2000","0","29.8300"
"3","1995","Argentina","96.0000","0","29.8300"
"3","1995","Canada","98.0000","0","2.4000"
"3","1995","Canada","704.0000","0","2.4000"
"3","1995","France","345.6000","0","95.6600"
"3","1995","France","1576.0000","0","95.6600"
"3","1995","France","201.6000","0","95.6600"
"3","1995","USA","62.4000","0","0.2000"
"3","1995","USA","40.0000","0","0.2000"
"3","1995","Brazil","1552.0000","0.1","44.1200"
"3","1995","Brazil","9.6000","0.1","44.1200"
"3","1995","Brazil","96.0000","0.1","44.1200"
"3","1995","Brazil","240.0000","0.1","44.1200"
"3","1995","Ireland","520.0000","0","56.6300"
"3","1995","Ireland","1228.5000","0.25","56.6300"
"3","1995","USA","249.0000","0","4.3400"
"3","1995","USA","236.0000","0","4.3400"
"3","1995","Portugal","851.2000","0","73.8300"
"3","1995","Sweden","100.8000","0","17.9200"
"3","1995","Sweden","259.2000","0.15","17.9200"
"3","1995","France","48.0000","0","156.6600"
"3","1995","France","1216.0000","0.1","156.6600"
"3","1995","France","798.0000","0.1","156.6600"
"3","1995","France","148.8000","0.1","156.6600"
"3","1995","Germany","109.5000","0.2","8.2400"
"3","1995","Germany","224.0000","0.2","8.2400"
"3","1995","Germany","234.0000","0.2","8.2400"
"3","1995","USA","1755.0000","0","73.0200"
"3","1995","Austria","504.0000","0","47.9400"
"3","1995","Austria","472.0000","0","47.9400"
"3","1995","Austria","816.0000","0","47.9400"
"3","1995","Sweden","312.0000","0","3.5000"
"3","1995","Sweden","373.5000","0","3.5000"
"3","1995","Sweden","115.2000","0","3.5000"
"3","1995","Sweden","231.0000","0","3.5000"
"3","1995","Sweden","86.4000","0","9.3000"
"3","1995","Sweden","88.5000","0","9.3000"
"3","1995","France","347.2000","0","53.3000"
"3","1995","France","112.0000","0","53.3000"
"3","1995","France","1379.0000","0","53.3000"
"3","1995","Germany","165.6000","0","44.1200"
"3","1995","Germany","552.0000","0","44.1200"
"3","1995","USA","6324.0000","0","708.9500"
"3","1995","USA","733.6000","0","708.9500"
"3","1995","USA","2640.0000","0","708.9500"
"3","1995","USA","798.0000","0","708.9500"
"3","1995","UK","112.0000","0","6.8800"
"3","1995","UK","147.0000","0","6.8800"
"3","1995","UK","127.2000","0","6.8800"
"3","1995","Canada","672.0000","0.05","62.8900"
"3","1995","Canada","224.0000","0.05","62.8900"
"3","1995","Canada","72.0000","0","4.6500"
"3","1995","Canada","154.0000","0","4.6500"
"3","1995","Canada","52.0000","0","4.6500"
"3","1995","Canada","147.9000","0","7.1300"
"3","1995","Austria","3159.0000","0","789.9500"
"3","1995","Austria","1596.0000","0","789.9500"
"3","1995","Austria","2660.0000","0","789.9500"
"3","1995","Austria","820.9500","0","789.9500"
"3","1995","Austria","387.5000","0","789.9500"
"3","1995","UK","42.0000","0","32.0700"
"3","1995","UK","220.0000","0","32.0700"
"3","1995","UK","90.0000","0","32.0700"
"3","1995","Austria","1560.0000","0","339.2200"
"3","1995","Austria","1150.0000","0","339.2200"
"3","1995","Austria","570.0000","0","339.2200"
"3","1995","Austria","900.0000","0","339.2200"
"3","1995","Germany","570.0000","0.25","58.8800"
"3","1995","Germany","250.0000","0","58.8800"
"3","1995","Germany","75.0000","0","58.8800"
"3","1995","Germany","1190.0000","0.25","58.8800"
"3","1995","Germany","600.0000","0","1007.6400"
"3","1995","Germany","1249.2000","0","1007.6400"
"3","1995","Germany","7905.0000","0","1007.6400"
"3","1995","Germany","437.5000","0","1007.6400"
"3","1995","UK","768.0000","0.15","178.4300"
"3","1995","UK","1140.0000","0","178.4300"
"3","1995","Germany","140.0000","0.25","1.4300"
"3","1995","Germany","135.1000","0","1.4300"
"3","1995","Spain","155.0000","0","6.5400"
"3","1995","Canada","315.0000","0.05","188.9900"
"3","1995","Canada","2280.0000","0.05","188.9900"
"3","1995","Sweden","209.4000","0.1","116.4300"
"3","1995","Sweden","320.0000","0.1","116.4300"
"3","1995","Sweden","920.0000","0","116.4300"
"3","1995","Sweden","116.2500","0.1","116.4300"
"3","1995","Mexico","180.0000","0","18.5600"
"3","1995","Mexico","250.0000","0","18.5600"
"3","1995","Mexico","408.4500","0","18.5600"
"3","1995","Brazil","387.5000","0.2","3.0100"
"3","1995","Germany","78.0000","0","27.7100"
"3","1995","Germany","252.0000","0","27.7100"
"3","1995","Germany","387.5000","0.05","32.1000"
"3","1995","Germany","156.1500","0.05","32.1000"
"3","1995","USA","168.0000","0","5.2400"
"3","1995","USA","397.5000","0","5.2400"
"3","1995","Canada","420.0000","0","91.0500"
"3","1995","Canada","840.0000","0","91.0500"
"3","1995","Mexico","69.7500","0","43.9000"
"3","1995","Mexico","70.0000","0","43.9000"
"3","1995","Mexico","340.0000","0","43.9000"
"3","1995","Venezuela","190.0000","0","158.4400"
"3","1995","Venezuela","442.0500","0","158.4400"
"3","1995","Venezuela","2088.0000","0","158.4400"
"3","1995","Brazil","250.0000","0.1","0.1400"
"3","1995","Brazil","920.0000","0","0.1400"
"3","1995","Brazil","252.0000","0.1","0.1400"
"3","1995","USA","125.0000","0","1.2800"
"3","1995","USA","276.0000","0.1","76.1300"
"3","1995","USA","120.0000","0.1","76.1300"
"3","1995","USA","931.0000","0","76.1300"
"3","1995","Mexico","75.0000","0","36.1300"
"3","1995","Mexico","68.0000","0","36.1300"
"3","1995","Mexico","232.5000","0","36.1300"
"3","1995","Germany","368.0000","0","145.6300"
"3","1995","Germany","380.0000","0","145.6300"
"3","1995","Germany","1020.0000","0","145.6300"
"3","1995","USA","582.0000","0","139.3400"
"3","1995","USA","447.0000","0.15","139.3400"
"3","1995","USA","1080.0000","0.15","139.3400"
"3","1995","USA","225.0000","0.15","139.3400"
"3","1995","Venezuela","64.4000","0.25","45.5200"
"3","1995","Venezuela","162.0000","0.25","45.5200"
"3","1995","Venezuela","397.5000","0.25","45.5200"
"3","1995","Venezuela","450.0000","0.25","45.5200"
"3","1995","Germany","114.0000","0","0.5800"
"3","1995","USA","90.0000","0.2","65.1000"
"3","1995","USA","168.0000","0.2","65.1000"
"3","1995","USA","500.0000","0.2","65.1000"
"3","1995","USA","1290.0000","0.2","65.1000"
"3","1995","Ireland","98.4000","0.05","89.9300"
"3","1995","Ireland","1140.0000","0","89.9300"
"3","1995","France","651.0000","0","63.2000"
"3","1995","France","645.0000","0","63.2000"
"3","1995","USA","468.4500","0","21.7200"
"3","1995","France","360.0000","0","16.9700"
"3","1995","France","114.0000","0","11.0800"
"3","1995","France","126.0000","0","11.0800"
"3","1995","Canada","200.0000","0","243.7300"
"3","1995","Canada","1700.0000","0","243.7300"
"3","1995","Canada","1218.0000","0","243.7300"
"3","1995","USA","396.0000","0","232.5500"
"3","1995","USA","736.0000","0","232.5500"
"3","1995","USA","1064.0000","0","232.5500"
"3","1995","Switzerland","374.7600","0.1","130.7900"
"3","1995","Switzerland","776.7000","0","130.7900"
"3","1995","Switzerland","325.0000","0.1","130.7900"
"3","1995","Switzerland","225.0000","0","130.7900"
"3","1995","Italy","38.0000","0","7.7000"
"3","1995","Italy","50.0000","0","7.7000"
"3","1995","Switzerland","624.6000","0","138.1700"
"3","1995","Switzerland","420.0000","0","138.1700"
"3","1995","Switzerland","600.0000","0","138.1700"
"3","1995","Mexico","320.0000","0","11.9900"
"3","1996","Sweden","288.0000","0","328.7400"
"3","1996","Sweden","285.0000","0","328.7400"
"3","1996","Sweden","1484.0000","0","328.7400"
"3","1996","Sweden","2280.0000","0","328.7400"
"3","1996","France","400.0000","0","37.3500"
"3","1996","France","126.0000","0","37.3500"
"3","1996","France","90.0000","0","37.3500"
"3","1996","Germany","1684.0000","0.1","42.7400"
"3","1996","UK","84.0000","0","146.3200"
"3","1996","UK","625.0000","0","146.3200"
"3","1996","UK","510.0000","0","146.3200"
"3","1996","UK","258.0000","0","146.3200"
"3","1996","Denmark","289.5000","0.05","65.0600"
"3","1996","Denmark","105.0000","0.05","65.0600"
"3","1996","Denmark","570.0000","0","65.0600"
"3","1996","Denmark","739.5000","0","65.0600"
"3","1996","Germany","2228.2200","0","91.2800"
"3","1996","Germany","1375.0000","0","91.2800"
"3","1996","Sweden","96.5000","0","6.7900"
"3","1996","Germany","349.0000","0","58.1300"
"3","1996","Germany","986.0000","0","58.1300"
"3","1996","UK","135.1000","0","4.5200"
"3","1996","UK","56.0000","0","4.5200"
"3","1996","Venezuela","655.8300","0.2","26.5200"
"3","1996","Venezuela","194.5000","0","26.5200"
"3","1996","Venezuela","1163.7500","0.2","26.5200"
"3","1996","Venezuela","864.0000","0.2","26.5200"
"3","1996","France","380.0000","0.25","22.1100"
"3","1996","France","42.1000","0","22.1100"
"3","1996","France","150.0000","0.25","22.1100"
"3","1996","France","193.0000","0","130.9400"
"3","1996","France","920.0000","0.15","130.9400"
"3","1996","France","102.0000","0.15","130.9400"
"3","1996","France","855.0000","0.15","130.9400"
"3","1996","Germany","1249.2000","0.15","306.0700"
"3","1996","Germany","7905.0000","0","306.0700"
"3","1996","Germany","1104.0000","0.15","306.0700"
"3","1996","Germany","1232.5000","0.15","306.0700"
"3","1996","USA","1140.0000","0","37.5200"
"3","1996","Norway","18.4000","0","72.1900"
"3","1996","Norway","144.0000","0","72.1900"
"3","1996","Norway","2108.0000","0","72.1900"
"3","1996","Norway","414.0000","0","72.1900"
"3","1996","Venezuela","72.0000","0.25","59.2800"
"3","1996","Venezuela","1562.5000","0.25","59.2800"
"3","1996","Venezuela","950.0000","0.25","59.2800"
"3","1996","Brazil","397.5000","0.1","35.4300"
"3","1996","Brazil","522.0000","0.1","35.4300"
"3","1996","Austria","3100.0000","0.15","100.2200"
"3","1996","Austria","390.0000","0.15","100.2200"
"3","1996","USA","872.5000","0","170.9700"
"3","1996","USA","175.0000","0","170.9700"
"3","1996","USA","912.0000","0","170.9700"
"3","1996","USA","315.7500","0.15","170.9700"
"3","1996","Mexico","380.0000","0","58.4300"
"3","1996","Mexico","280.0000","0","58.4300"
"3","1996","France","159.0000","0","19.2600"
"3","1996","France","360.0000","0","19.2600"
"3","1996","Finland","220.8000","0","8.5000"
"3","1996","Finland","210.5000","0","8.5000"
"3","1996","Finland","180.0000","0","8.5000"
"3","1996","Austria","495.0000","0","162.7500"
"3","1996","Austria","810.0000","0","162.7500"
"3","1996","Austria","1674.4000","0","162.7500"
"3","1996","Austria","3400.0000","0","162.7500"
"3","1996","Ireland","9903.2000","0","603.5400"
"3","1996","Ireland","932.0400","0","603.5400"
"3","1996","Brazil","240.0000","0","36.7100"
"3","1996","Brazil","442.0500","0","36.7100"
"3","1996","Brazil","250.0000","0","36.7100"
"3","1996","USA","198.7500","0","162.9500"
"3","1996","USA","1725.5000","0","162.9500"
"3","1996","Spain","180.0000","0","38.1900"
"3","1996","Spain","468.0000","0","38.1900"
"3","1996","Spain","210.0000","0","38.1900"
"3","1996","Canada","1080.0000","0.25","48.8300"
"3","1996","Canada","850.0000","0.25","48.8300"
"3","1996","Sweden","620.0000","0.1","151.5200"
"3","1996","Sweden","1368.0000","0.1","151.5200"
"3","1996","Sweden","46.5000","0","151.5200"
"3","1996","Brazil","475.0000","0.15","2.2700"
"3","1996","Brazil","84.0000","0.15","2.2700"
"3","1996","Germany","500.0000","0","32.0100"
"3","1996","USA","570.0000","0.2","33.6800"
"3","1996","Germany","120.0000","0.25","31.8900"
"3","1996","Germany","1104.0000","0.25","31.8900"
"3","1996","Germany","1666.0000","0.25","31.8900"
"3","1996","Germany","752.5000","0.25","31.8900"
"3","1996","UK","220.0000","0","3.2600"
"3","1996","Spain","146.2500","0","23.3900"
"3","1996","Spain","2120.0000","0","23.3900"
"3","1996","Spain","96.0000","0","23.3900"
"3","1996","Venezuela","45.0000","0.25","2.0800"
"3","1996","Venezuela","231.6000","0","2.0800"
"3","1996","France","375.0000","0","87.3800"
"3","1996","France","1317.5000","0","87.3800"
"3","1996","France","360.0000","0","87.3800"
"3","1996","USA","439.0000","0","12.9600"
"3","1996","USA","1800.0000","0","61.1400"
"3","1996","USA","1972.0000","0.1","61.1400"
"3","1996","USA","72.0000","0","14.9100"
"3","1996","USA","184.0000","0","14.9100"
"3","1996","USA","70.0000","0","14.9100"
"3","1996","Belgium","187.3800","0","44.8400"
"3","1996","Belgium","108.0000","0","44.8400"
"3","1996","USA","144.0000","0","25.1900"
"3","1996","USA","247.5800","0.25","25.1900"
"3","1996","Germany","530.0000","0.05","1.2100"
"3","1996","Germany","430.0000","0","1.2100"
"3","1996","Germany","209.0000","0.25","297.1800"
"3","1996","Germany","1215.0000","0","297.1800"
"3","1996","Germany","1967.4900","0","297.1800"
"3","1996","Germany","2332.0000","0.25","297.1800"
"3","1996","Germany","1218.0000","0","297.1800"
"3","1996","Switzerland","570.0000","0.2","48.2200"
"3","1996","Switzerland","1317.0000","0","48.2200"
"3","1996","Brazil","190.0000","0.2","8.3400"
"3","1996","Brazil","152.0000","0.2","8.3400"
"3","1996","Brazil","1380.0000","0.2","67.2600"
"3","1996","Brazil","285.0000","0.2","67.2600"
"3","1996","UK","45.0000","0","4.1300"
"3","1996","Ireland","420.0000","0","81.7300"
"3","1996","Ireland","736.0000","0.1","81.7300"
"3","1996","Ireland","289.5000","0.1","81.7300"
"4","1994","Brazil","77.0000","0","65.8300"
"4","1994","Brazil","1484.0000","0.15","65.8300"
"4","1994","Brazil","252.0000","0.15","65.8300"
"4","1994","Belgium","2592.0000","0.05","51.3000"
"4","1994","Belgium","50.0000","0.05","51.3000"
"4","1994","Belgium","1088.0000","0","51.3000"
"4","1994","Venezuela","877.5000","0","81.9100"
"4","1994","Venezuela","86.4000","0","81.9100"
"4","1994","Venezuela","156.0000","0","81.9100"
"4","1994","Mexico","80.0000","0","3.2500"
"4","1994","Mexico","20.8000","0","3.2500"
"4","1994","Germany","123.2000","0.25","55.0900"
"4","1994","Germany","780.0000","0","55.0900"
"4","1994","Germany","591.0000","0.25","55.0900"
"4","1994","Germany","252.0000","0.25","55.0900"
"4","1994","Brazil","160.0000","0","3.0500"
"4","1994","Brazil","288.0000","0","3.0500"
"4","1994","Germany","735.0000","0","208.5800"
"4","1994","Germany","3080.0000","0.15","208.5800"
"4","1994","Germany","216.0000","0.15","208.5800"
"4","1994","Spain","7.3000","0","2.9400"
"4","1994","Spain","21.6000","0","2.9400"
"4","1994","Spain","57.6000","0","2.9400"
"4","1994","Spain","124.2000","0","12.6900"
"4","1994","Spain","31.2000","0","12.6900"
"4","1994","Germany","526.5000","0.25","76.5600"
"4","1994","Germany","325.5000","0","76.5600"
"4","1994","Germany","544.0000","0.25","76.5600"
"4","1994","Germany","56.0000","0.25","76.5600"
"4","1994","Italy","59.0000","0.1","7.4500"
"4","1994","Italy","30.0000","0.1","7.4500"
"4","1994","USA","259.2000","0","147.2600"
"4","1994","USA","468.0000","0","147.2600"
"4","1994","USA","552.0000","0","147.2600"
"4","1994","USA","571.2000","0","147.2600"
"4","1994","USA","37.2000","0","147.2600"
"4","1994","Brazil","109.5000","0","29.7600"
"4","1994","Brazil","240.0000","0","29.7600"
"4","1994","Belgium","1248.0000","0","6.2700"
"4","1994","Belgium","1019.2000","0","6.2700"
"4","1994","Belgium","441.6000","0","6.2700"
"4","1994","UK","156.8000","0","41.7600"
"4","1994","UK","360.0000","0","41.7600"
"4","1994","Germany","62.0000","0","4.8800"
"4","1994","Germany","44.8000","0","4.8800"
"4","1994","Germany","57.6000","0","4.8800"
"4","1994","Spain","422.4000","0","77.9200"
"4","1994","Spain","249.6000","0","77.9200"
"4","1994","Spain","310.0000","0","77.9200"
"4","1994","Portugal","396.0000","0","87.0300"
"4","1994","Portugal","672.0000","0","87.0300"
"4","1994","Portugal","100.0000","0","87.0300"
"4","1994","USA","73.0000","0.05","191.6700"
"4","1994","USA","165.6000","0.05","191.6700"
"4","1994","USA","4216.0000","0.05","191.6700"
"4","1994","USA","364.8000","0.05","191.6700"
"4","1994","Germany","288.0000","0","108.2600"
"4","1994","Germany","597.6000","0","108.2600"
"4","1994","Germany","304.0000","0","108.2600"
"4","1994","Germany","582.4000","0","108.2600"
"4","1994","Germany","695.0000","0","108.2600"
"4","1994","USA","624.0000","0","84.2100"
"4","1994","USA","310.5000","0","84.2100"
"4","1994","Germany","364.8000","0.2","54.8300"
"4","1994","Germany","560.0000","0.2","54.8300"
"4","1994","Germany","608.0000","0.2","54.8300"
"4","1994","Germany","768.0000","0.2","54.8300"
"4","1994","Germany","1330.0000","0","110.3700"
"4","1994","Germany","40.0000","0.05","110.3700"
"4","1994","Germany","216.0000","0","110.3700"
"4","1994","USA","616.0000","0","23.2900"
"4","1994","USA","2240.0000","0.25","23.2900"
"4","1994","Brazil","112.0000","0","3.1000"
"4","1994","Brazil","720.0000","0.15","3.1000"
"4","1994","Brazil","58.8000","0","3.1000"
"4","1994","Brazil","37.2000","0.15","3.1000"
"4","1994","Germany","216.0000","0.15","0.7800"
"4","1994","Germany","180.0000","0","0.7800"
"4","1994","France","1092.0000","0","131.7000"
"4","1994","France","3465.0000","0","131.7000"
"4","1994","France","2108.0000","0","131.7000"
"4","1994","France","560.0000","0","131.7000"
"4","1994","France","165.2000","0","131.7000"
"4","1994","Germany","200.0000","0","30.5400"
"4","1994","Germany","74.4000","0","30.5400"
"4","1994","Germany","172.8000","0","30.5400"
"4","1995","Ireland","848.0000","0.2","124.1200"
"4","1995","Ireland","860.0000","0.2","124.1200"
"4","1995","Austria","544.0000","0","94.7700"
"4","1995","Austria","450.0000","0","94.7700"
"4","1995","Austria","1386.0000","0","94.7700"
"4","1995","Austria","120.0000","0","94.7700"
"4","1995","Austria","400.0000","0","94.7700"
"4","1995","Canada","396.8000","0","47.4200"
"4","1995","Canada","288.0000","0","47.4200"
"4","1995","Canada","788.0000","0","47.4200"
"4","1995","Canada","360.0000","0","47.4200"
"4","1995","Austria","291.9000","0.15","73.7900"
"4","1995","Austria","714.0000","0.15","73.7900"
"4","1995","Denmark","10540.0000","0","70.2900"
"4","1995","Denmark","19.2000","0.25","70.2900"
"4","1995","Denmark","360.0000","0.25","70.2900"
"4","1995","Denmark","364.0000","0","70.2900"
"4","1995","Germany","912.0000","0","17.5500"
"4","1995","Germany","418.0000","0","17.5500"
"4","1995","Germany","364.8000","0","17.5500"
"4","1995","Germany","120.0000","0","17.5500"
"4","1995","Switzerland","1632.0000","0.05","137.3500"
"4","1995","Switzerland","576.0000","0.05","137.3500"
"4","1995","Spain","152.0000","0","18.6900"
"4","1995","Spain","186.2000","0","18.6900"
"4","1995","Austria","651.0000","0","31.2900"
"4","1995","Austria","1404.0000","0.2","458.7800"
"4","1995","Austria","400.0000","0","458.7800"
"4","1995","Austria","912.0000","0","458.7800"
"4","1995","Austria","3080.0000","0.2","458.7800"
"4","1995","Canada","1560.0000","0.25","44.1700"
"4","1995","Canada","735.0000","0.25","44.1700"
"4","1995","Canada","228.0000","0.25","44.1700"
"4","1995","USA","684.0000","0.15","86.5300"
"4","1995","USA","681.1000","0.15","86.5300"
"4","1995","USA","2376.0000","0.15","86.5300"
"4","1995","USA","2052.0000","0.15","86.5300"
"4","1995","Brazil","292.0000","0","68.6600"
"4","1995","Brazil","588.0000","0","68.6600"
"4","1995","Brazil","34.4000","0","68.6600"
"4","1995","Argentina","149.4000","0","38.8200"
"4","1995","Argentina","294.0000","0","38.8200"
"4","1995","Germany","2304.0000","0.1","189.0900"
"4","1995","Germany","931.0000","0.1","189.0900"
"4","1995","Germany","470.4000","0.1","189.0900"
"4","1995","Germany","572.0000","0.1","189.0900"
"4","1995","France","278.0000","0.2","2.7400"
"4","1995","France","40.0000","0.2","2.7400"
"4","1995","France","96.0000","0.2","2.7400"
"4","1995","France","384.0000","0.05","25.0900"
"4","1995","France","192.0000","0.05","25.0900"
"4","1995","France","1112.0000","0","25.0900"
"4","1995","Portugal","281.6000","0.2","89.0000"
"4","1995","Portugal","110.4000","0","89.0000"
"4","1995","Portugal","912.0000","0.2","89.0000"
"4","1995","Portugal","544.0000","0","89.0000"
"4","1995","Brazil","168.0000","0","11.9300"
"4","1995","Brazil","48.0000","0","11.9300"
"4","1995","France","1500.0000","0","64.5600"
"4","1995","France","108.0000","0","64.5600"
"4","1995","France","212.8000","0","64.5600"
"4","1995","Venezuela","304.0000","0.1","64.4500"
"4","1995","Venezuela","160.0000","0.1","64.4500"
"4","1995","Venezuela","576.0000","0.1","64.4500"
"4","1995","Venezuela","720.0000","0.1","64.4500"
"4","1995","France","252.0000","0.1","10.6400"
"4","1995","France","136.0000","0.1","10.6400"
"4","1995","France","288.0000","0.1","10.6400"
"4","1995","Brazil","912.0000","0","65.9900"
"4","1995","Venezuela","912.0000","0","102.0200"
"4","1995","Venezuela","500.0000","0","102.0200"
"4","1995","USA","228.0000","0","59.1300"
"4","1995","USA","120.0000","0","59.1300"
"4","1995","USA","328.0000","0","59.1300"
"4","1995","USA","712.5000","0","59.1300"
"4","1995","Germany","136.8000","0","0.1500"
"4","1995","France","1100.0000","0.15","350.6400"
"4","1995","France","1500.0000","0.15","350.6400"
"4","1995","France","400.0000","0.15","350.6400"
"4","1995","Mexico","22.5000","0","218.1500"
"4","1995","Mexico","3952.5000","0","218.1500"
"4","1995","Mexico","175.0500","0","218.1500"
"4","1995","Germany","720.0000","0.2","45.3300"
"4","1995","Germany","960.0000","0","45.3300"
"4","1995","Germany","517.8000","0.2","45.3300"
"4","1995","Germany","460.0000","0.2","45.3300"
"4","1995","Finland","144.0000","0.15","58.5900"
"4","1995","Finland","60.0000","0","58.5900"
"4","1995","Finland","1140.0000","0.15","58.5900"
"4","1995","Mexico","1050.0000","0.1","15.6400"
"4","1995","Mexico","184.0000","0.1","15.6400"
"4","1995","Mexico","97.5000","0.1","15.6400"
"4","1995","Mexico","825.0000","0.1","15.6400"
"4","1995","USA","319.2000","0","24.9100"
"4","1995","USA","98.0000","0","24.9100"
"4","1995","Portugal","698.0000","0.15","72.9500"
"4","1995","Portugal","360.0000","0.15","72.9500"
"4","1995","Portugal","778.0000","0","72.9500"
"4","1995","Germany","523.5000","0.05","120.9700"
"4","1995","Germany","180.0000","0.05","120.9700"
"4","1995","Germany","986.0000","0.05","120.9700"
"4","1995","Germany","130.0000","0.05","120.9700"
"4","1995","USA","624.0000","0.05","13.7500"
"4","1995","USA","75.0000","0.05","13.7500"
"4","1995","USA","600.0000","0.05","13.7500"
"4","1995","USA","35.0000","0","37.6000"
"4","1995","USA","36.8000","0","37.6000"
"4","1995","USA","493.0000","0","37.6000"
"4","1995","USA","199.5000","0","37.6000"
"4","1995","UK","360.0000","0","29.6000"
"4","1995","UK","117.0000","0","29.6000"
"4","1995","Germany","348.7500","0.05","75.8900"
"4","1995","Germany","86.8500","0.05","75.8900"
"4","1995","Germany","631.5000","0.05","75.8900"
"4","1995","France","625.0000","0.05","59.1400"
"4","1995","Canada","360.0000","0","44.7700"
"4","1995","Canada","780.0000","0.05","44.7700"
"4","1995","USA","29.8000","0","45.1300"
"4","1995","USA","450.0000","0","45.1300"
"4","1995","Brazil","440.0000","0.2","79.4000"
"4","1995","Brazil","480.0000","0.2","79.4000"
"4","1995","Brazil","493.0000","0.2","79.4000"
"4","1995","Germany","1064.0000","0","27.7900"
"4","1995","Venezuela","48.0000","0.1","8.1100"
"4","1995","Venezuela","310.0000","0","8.1100"
"4","1995","USA","1650.0000","0.15","18.5300"
"4","1995","UK","46.0000","0","23.7300"
"4","1995","UK","90.0000","0","23.7300"
"4","1995","UK","300.0000","0","23.7300"
"4","1995","UK","322.5000","0","23.7300"
"4","1995","Brazil","380.0000","0","50.9700"
"4","1995","Brazil","225.0000","0.2","50.9700"
"4","1995","USA","456.0000","0","94.8000"
"4","1995","USA","742.7400","0","94.8000"
"4","1995","USA","194.5000","0","94.8000"
"4","1995","France","450.0000","0","30.3600"
"4","1995","Spain","2475.8000","0","85.4600"
"4","1995","Spain","299.2500","0","85.4600"
"4","1995","France","1050.0000","0","487.3800"
"4","1995","France","3125.0000","0","487.3800"
"4","1995","France","795.0000","0","487.3800"
"4","1995","France","15.5000","0","487.3800"
"4","1995","Finland","550.0000","0","1.1500"
"4","1995","Finland","79.5000","0","1.1500"
"4","1995","Germany","720.0000","0.25","23.5500"
"4","1995","Germany","225.0000","0.25","23.5500"
"4","1995","Venezuela","950.0000","0","179.6100"
"4","1995","Venezuela","1104.0000","0","179.6100"
"4","1995","Brazil","1250.0000","0","12.4100"
"4","1995","Brazil","285.0000","0","12.4100"
"4","1995","Brazil","276.0000","0","45.5400"
"4","1995","Brazil","360.0000","0","45.5400"
"4","1995","Brazil","51.7800","0.25","7.1400"
"4","1995","Brazil","280.0000","0","7.1400"
"4","1995","Germany","600.0000","0","364.1500"
"4","1995","Germany","1288.0000","0.05","364.1500"
"4","1995","Germany","1870.0000","0.05","364.1500"
"4","1995","Germany","910.0000","0.05","364.1500"
"4","1995","Germany","288.0000","0","203.4800"
"4","1995","Germany","720.0000","0","203.4800"
"4","1995","Germany","350.0000","0","203.4800"
"4","1995","Germany","750.0000","0","203.4800"
"4","1995","Germany","193.7500","0","203.4800"
"4","1995","UK","45.0000","0","0.9000"
"4","1995","Brazil","620.0000","0","33.7500"
"4","1995","Brazil","38.6000","0","33.7500"
"4","1995","Brazil","142.5000","0","33.7500"
"4","1995","Denmark","558.0000","0.1","299.0900"
"4","1995","Denmark","2736.0000","0.1","299.0900"
"4","1995","Denmark","196.0000","0","299.0900"
"4","1995","Germany","878.0000","0","61.0200"
"4","1995","Austria","315.0000","0","272.4700"
"4","1995","Austria","312.0000","0.05","272.4700"
"4","1995","Austria","1485.4800","0.05","272.4700"
"4","1995","Austria","1368.2500","0.05","272.4700"
"4","1995","Austria","120.0000","0.05","272.4700"
"4","1995","Germany","60.0000","0","23.9400"
"4","1995","Germany","270.0000","0","23.9400"
"4","1995","UK","504.0000","0","21.7400"
"4","1995","UK","780.0000","0","21.7400"
"4","1995","UK","420.0000","0.15","21.7400"
"4","1995","Argentina","50.0000","0","22.5700"
"4","1995","Argentina","371.0000","0","22.5700"
"4","1995","Argentina","285.0000","0","22.5700"
"4","1995","Brazil","115.8000","0","10.8300"
"4","1995","Brazil","28.0000","0","10.8300"
"4","1995","Brazil","144.0000","0","10.8300"
"4","1995","UK","550.0000","0","16.5600"
"4","1995","UK","105.0000","0","16.5600"
"4","1995","Brazil","388.3500","0","58.3300"
"4","1995","Brazil","110.4000","0","58.3300"
"4","1995","Brazil","288.0000","0","58.3300"
"4","1995","Brazil","510.0000","0","58.3300"
"4","1995","USA","228.0000","0.2","81.8800"
"4","1995","USA","630.0000","0.2","81.8800"
"4","1995","USA","380.0000","0.2","81.8800"
"4","1995","USA","532.0000","0.2","81.8800"
"4","1995","UK","285.0000","0.2","10.9600"
"4","1995","UK","570.0000","0","61.5300"
"4","1995","UK","330.0000","0","61.5300"
"4","1995","UK","180.0000","0","61.5300"
"4","1995","France","285.0000","0.25","16.7100"
"4","1995","France","1140.0000","0.25","16.7100"
"4","1995","France","273.0000","0.25","16.7100"
"4","1995","France","900.0000","0.25","16.7100"
"4","1996","Belgium","168.0000","0.25","155.6400"
"4","1996","Belgium","1756.0000","0","155.6400"
"4","1996","Belgium","1380.0000","0.25","155.6400"
"4","1996","Germany","760.0000","0","157.5500"
"4","1996","Germany","1050.0000","0","157.5500"
"4","1996","Germany","500.0000","0","157.5500"
"4","1996","Belgium","28.0000","0","1.5900"
"4","1996","Sweden","25.0000","0.25","48.2000"
"4","1996","Sweden","850.0000","0","48.2000"
"4","1996","Brazil","125.0000","0","124.9800"
"4","1996","Brazil","1317.5000","0","124.9800"
"4","1996","Italy","570.0000","0","70.0900"
"4","1996","Italy","36.0000","0.15","70.0900"
"4","1996","Italy","1044.0000","0.15","70.0900"
"4","1996","Spain","1560.0000","0.25","97.0900"
"4","1996","Spain","2475.8000","0.25","97.0900"
"4","1996","Denmark","647.2500","0.25","257.2600"
"4","1996","Denmark","1590.0000","0.25","257.2600"
"4","1996","Denmark","1440.0000","0.25","257.2600"
"4","1996","Denmark","246.5000","0.25","257.2600"
"4","1996","Brazil","220.8000","0.05","55.2300"
"4","1996","Brazil","210.0000","0.05","55.2300"
"4","1996","Brazil","825.0000","0.05","55.2300"
"4","1996","Italy","18.4000","0","1.3600"
"4","1996","USA","7905.0000","0.05","719.7800"
"4","1996","USA","986.0000","0.05","719.7800"
"4","1996","Brazil","150.0000","0","81.8300"
"4","1996","Brazil","504.0000","0","81.8300"
"4","1996","Brazil","1020.0000","0","81.8300"
"4","1996","Brazil","300.0000","0","81.8300"
"4","1996","Venezuela","84.0000","0.2","2.7100"
"4","1996","Venezuela","180.0000","0.2","2.7100"
"4","1996","France","212.0000","0.25","9.2600"
"4","1996","USA","1440.0000","0.2","487.5700"
"4","1996","USA","110.4000","0.2","487.5700"
"4","1996","USA","1560.0000","0.2","487.5700"
"4","1996","USA","342.0000","0.2","487.5700"
"4","1996","USA","1530.0000","0.2","487.5700"
"4","1996","USA","1182.5000","0.2","487.5700"
"4","1996","USA","1638.0000","0","14.9300"
"4","1996","USA","1250.0000","0","14.9300"
"4","1996","USA","400.0000","0","14.9300"
"4","1996","USA","87.5000","0","14.9300"
"4","1996","USA","147.9000","0","14.9300"
"4","1996","Venezuela","360.0000","0.15","30.2600"
"4","1996","Venezuela","159.0000","0.15","30.2600"
"4","1996","UK","72.0000","0","3.0400"
"4","1996","UK","210.0000","0","3.0400"
"4","1996","Finland","200.0000","0","0.8200"
"4","1996","Finland","136.8000","0","0.8200"
"4","1996","Sweden","230.0000","0","32.3700"
"4","1996","Sweden","199.5000","0.1","32.3700"
"4","1996","Sweden","300.0000","0","32.3700"
"4","1996","Germany","1620.0000","0.05","46.6900"
"4","1996","Argentina","150.0000","0","2.8400"
"4","1996","USA","350.0000","0","23.1000"
"4","1996","USA","400.0000","0.15","23.1000"
"4","1996","USA","238.4000","0.15","23.1000"
"4","1996","USA","400.0000","0.05","90.9700"
"4","1996","USA","798.0000","0.05","90.9700"
"4","1996","USA","252.6000","0.05","90.9700"
"4","1996","Belgium","2200.0000","0.05","120.2700"
"4","1996","Argentina","30.0000","0","1.2700"
"4","1996","Venezuela","289.5000","0","62.0900"
"4","1996","Venezuela","645.0000","0","62.0900"
"4","1996","Poland","427.5000","0","26.2900"
"4","1996","Italy","600.0000","0.05","32.9600"
"4","1996","Italy","98.0000","0.05","32.9600"
"4","1996","Brazil","660.0000","0.25","33.0500"
"4","1996","Brazil","100.0000","0.25","33.0500"
"4","1996","Brazil","198.7500","0","33.0500"
"4","1996","Spain","25.8900","0","8.2900"
"4","1996","Spain","340.0000","0","8.2900"
"4","1996","UK","390.0000","0","29.6100"
"4","1996","Mexico","42.0000","0","39.9200"
"4","1996","Mexico","60.0000","0","39.9200"
"4","1996","Mexico","64.4000","0","39.9200"
"4","1996","Mexico","348.0000","0","39.9200"
"4","1996","France","405.0000","0","19.7900"
"4","1996","France","35.0000","0","19.7900"
"4","1996","France","360.0000","0","19.7900"
"4","1996","Belgium","360.0000","0","15.5500"
"4","1996","Belgium","1097.5000","0","15.5500"
"4","1996","Belgium","600.0000","0.2","15.5500"
"4","1996","Belgium","397.5000","0.2","15.5500"
"4","1996","Switzerland","252.0000","0.15","13.6000"
"4","1996","Switzerland","585.0000","0","13.6000"
"4","1996","Brazil","378.0000","0","47.5900"
"4","1996","Brazil","250.0000","0.25","47.5900"
"4","1996","Brazil","72.0000","0.25","47.5900"
"4","1996","UK","90.0000","0","2.1700"
"4","1996","UK","441.0000","0","2.1700"
"4","1996","UK","180.0000","0","2.1700"
"4","1996","Germany","120.0000","0","10.2200"
"4","1996","Germany","125.0000","0","10.2200"
"4","1996","Switzerland","208.0000","0","27.1900"
"4","1996","Switzerland","456.0000","0.15","27.1900"
"4","1996","Switzerland","591.6000","0.15","27.1900"
"4","1996","France","234.0000","0","0.0200"
"4","1996","France","17.5000","0","0.0200"
"4","1996","Sweden","310.0000","0.2","1.2600"
"4","1996","Germany","560.0000","0","1.1200"
"4","1996","USA","336.0000","0","141.1600"
"4","1996","USA","270.0000","0.15","141.1600"
"4","1996","USA","336.0000","0.15","141.1600"
"4","1996","USA","960.0000","0","141.1600"
"4","1996","USA","760.0000","0","11.6500"
"4","1996","USA","625.0000","0","11.6500"
"4","1996","USA","190.0000","0","11.6500"
"4","1996","UK","374.7600","0","74.3600"
"4","1996","UK","75.0000","0","74.3600"
"4","1996","UK","442.0500","0","74.3600"
"4","1996","UK","1075.0000","0","74.3600"
"4","1996","Italy","500.0000","0","47.0900"
"4","1996","Italy","530.0000","0","47.0900"
"4","1996","Switzerland","760.0000","0","47.8400"
"4","1996","Switzerland","526.8000","0","47.8400"
"4","1996","USA","200.0000","0","18.8400"
"4","1996","Poland","591.6000","0","8.7200"
"4","1996","USA","510.0000","0","14.0100"
"4","1996","Italy","328.0000","0.2","29.9300"
"4","1996","Italy","180.0000","0.2","29.9300"
"4","1996","Austria","152.0000","0","258.6400"
"4","1996","Austria","386.0000","0","258.6400"
"4","1996","Austria","357.5000","0","258.6400"
"4","1996","Austria","4322.5000","0","258.6400"
"4","1996","France","500.0000","0.25","38.2800"
"4","1996","France","465.0000","0.25","38.2800"
"4","1996","France","92.0000","0.25","38.2800"
"5","1994","France","168.0000","0","32.3800"
"5","1994","France","98.0000","0","32.3800"
"5","1994","France","174.0000","0","32.3800"
"5","1994","Switzerland","54.0000","0.15","22.9800"
"5","1994","Switzerland","403.2000","0.15","22.9800"
"5","1994","Switzerland","168.0000","0","22.9800"
"5","1994","USA","120.0000","0.05","4.5600"
"5","1994","USA","556.0000","0.05","4.5600"
"5","1994","France","864.0000","0","5.7400"
"5","1994","France","556.0000","0","5.7400"
"5","1994","Finland","516.0000","0","34.5700"
"5","1994","Finland","186.0000","0","0.5900"
"5","1994","Finland","80.0000","0.1","0.5900"
"5","1994","Finland","688.0000","0.1","0.5900"
"5","1994","France","36.0000","0.05","19.6400"
"5","1994","France","112.0000","0.05","19.6400"
"5","1994","France","304.0000","0.05","19.6400"
"5","1994","UK","778.4000","0.05","288.4300"
"5","1994","UK","700.0000","0.05","288.4300"
"5","1994","UK","2176.0000","0.05","288.4300"
"5","1995","Brazil","777.6000","0.25","890.7800"
"5","1995","Brazil","8432.0000","0.25","890.7800"
"5","1995","Brazil","1904.0000","0.25","890.7800"
"5","1995","Brazil","1167.6000","0.25","890.7800"
"5","1995","Sweden","103.2000","0","5.4400"
"5","1995","Portugal","80.0000","0.15","60.2600"
"5","1995","Portugal","763.2000","0.15","60.2600"
"5","1995","Belgium","153.3000","0","14.7800"
"5","1995","Belgium","560.0000","0","14.7800"
"5","1995","Mexico","223.2000","0","83.4900"
"5","1995","Mexico","655.2000","0","83.4900"
"5","1995","Mexico","308.7000","0","83.4900"
"5","1995","Mexico","62.0000","0","83.4900"
"5","1995","Portugal","216.0000","0","13.0200"
"5","1995","Portugal","168.0000","0.25","13.0200"
"5","1995","Portugal","288.0000","0.25","13.0200"
"5","1995","Belgium","336.0000","0","66.6900"
"5","1995","Belgium","250.0000","0","66.6900"
"5","1995","Belgium","360.0000","0","66.6900"
"5","1995","Germany","687.5000","0.15","171.2400"
"5","1995","Germany","950.0000","0.15","171.2400"
"5","1995","Germany","2544.0000","0.15","171.2400"
"5","1995","USA","437.5000","0.2","58.9800"
"5","1995","USA","540.0000","0","58.9800"
"5","1995","Germany","660.0000","0","127.3400"
"5","1995","Germany","263.4000","0","127.3400"
"5","1995","Germany","1044.0000","0","127.3400"
"5","1995","Germany","180.0000","0","127.3400"
"5","1995","USA","1350.0000","0","200.2400"
"5","1995","USA","3900.0000","0","200.2400"
"5","1995","USA","35.0000","0","200.2400"
"5","1995","USA","772.8000","0","200.2400"
"5","1995","USA","417.6000","0","200.2400"
"5","1995","Brazil","315.0000","0","14.2500"
"5","1995","Brazil","67.5000","0.15","14.2500"
"5","1995","Belgium","912.0000","0","6.2000"
"5","1995","Belgium","522.0000","0","6.2000"
"5","1995","Brazil","776.7000","0","176.8100"
"5","1995","Brazil","820.0000","0.05","176.8100"
"5","1995","Brazil","223.5000","0","176.8100"
"5","1995","Sweden","264.0000","0.1","55.2600"
"5","1995","Sweden","360.0000","0.1","55.2600"
"5","1995","Sweden","44.7000","0.1","55.2600"
"5","1995","Germany","697.5000","0","31.8500"
"5","1995","Germany","328.0000","0","31.8500"
"5","1995","Germany","397.5000","0","31.8500"
"5","1995","USA","110.4000","0","52.4100"
"5","1995","USA","405.3000","0","52.4100"
"5","1995","USA","3936.0000","0","52.4100"
"5","1995","USA","570.0000","0.25","24.4900"
"5","1995","USA","1053.0000","0.25","24.4900"
"5","1995","USA","475.0000","0.25","24.4900"
"5","1995","USA","684.0000","0.25","24.4900"
"5","1995","USA","159.0000","0.25","24.4900"
"5","1995","Germany","972.5000","0.05","48.9200"
"5","1995","France","261.7500","0.05","20.1200"
"5","1995","France","37.5000","0.05","20.1200"
"5","1995","France","210.5000","0.05","20.1200"
"5","1996","USA","490.0000","0.25","18.6600"
"5","1996","USA","139.5000","0","18.6600"
"5","1996","Italy","200.0000","0.1","59.7800"
"5","1996","Italy","1392.0000","0.1","59.7800"
"5","1996","Italy","260.0000","0","59.7800"
"5","1996","Venezuela","420.0000","0.1","163.9700"
"5","1996","Venezuela","292.5000","0","163.9700"
"5","1996","Venezuela","2200.0000","0.1","163.9700"
"5","1996","Venezuela","195.0000","0.1","163.9700"
"5","1996","Belgium","496.0000","0","424.3000"
"5","1996","Belgium","1140.0000","0","424.3000"
"5","1996","Belgium","2750.0000","0","424.3000"
"5","1996","Belgium","195.0000","0","424.3000"
"5","1996","Brazil","95.0000","0.05","160.5500"
"5","1996","Brazil","140.0000","0.05","160.5500"
"5","1996","Brazil","195.0000","0.05","160.5500"
"5","1996","Brazil","2310.0000","0.05","160.5500"
"5","1996","Sweden","399.0000","0.25","109.1100"
"5","1996","Sweden","27.0000","0.25","109.1100"
"5","1996","Sweden","1035.6000","0.25","109.1100"
"5","1996","UK","720.0000","0","143.2800"
"5","1996","UK","210.0000","0","143.2800"
"5","1996","UK","450.0000","0","143.2800"
"5","1996","UK","250.0000","0","143.2800"
"5","1996","Poland","54.0000","0","12.0400"
"5","1996","Poland","106.0000","0","12.0400"
"5","1996","Spain","240.0000","0.05","175.3200"
"5","1996","Spain","986.0000","0.05","175.3200"
"5","1996","Spain","498.7500","0.05","175.3200"
"5","1996","Spain","442.0500","0.05","175.3200"
"5","1996","Spain","310.0000","0","19.5800"
"5","1996","Venezuela","144.0000","0.15","1.2100"
"5","1996","Brazil","585.0000","0","62.7400"
"5","1996","Brazil","157.5000","0","62.7400"
"5","1996","Venezuela","488.6000","0.15","27.9100"
"5","1996","Venezuela","312.5000","0.15","27.9100"
"5","1996","Venezuela","285.0000","0","27.9100"
"5","1996","Venezuela","816.0000","0.15","27.9100"
"5","1996","France","210.0000","0","8.8000"
"6","1994","Germany","167.4000","0","11.6100"
"6","1994","Germany","1696.0000","0","11.6100"
"6","1994","Sweden","532.0000","0","3.6700"
"6","1994","Sweden","192.5000","0.15","3.6700"
"6","1994","USA","48.0000","0","4.5400"
"6","1994","USA","388.8000","0","98.0300"
"6","1994","USA","400.0000","0","98.0300"
"6","1994","USA","667.2000","0","98.0300"
"6","1994","France","344.0000","0","6.0100"
"6","1994","France","194.6000","0","6.0100"
"6","1994","Brazil","96.0000","0.1","6.4000"
"6","1994","Brazil","372.0000","0.1","6.4000"
"6","1994","Brazil","84.8000","0.1","6.4000"
"6","1994","Venezuela","201.6000","0","0.1200"
"6","1994","Venezuela","417.0000","0","0.1200"
"6","1994","Venezuela","432.0000","0","0.1200"
"6","1994","Ireland","608.0000","0","168.2200"
"6","1994","Ireland","608.0000","0.25","168.2200"
"6","1994","Ireland","1320.0000","0.25","168.2200"
"6","1994","Ireland","591.0000","0","168.2200"
"6","1994","USA","288.0000","0","12.6900"
"6","1994","France","195.0000","0.1","64.1900"
"6","1994","France","518.4000","0.1","64.1900"
"6","1994","UK","90.0000","0","41.9500"
"6","1994","UK","390.0000","0","41.9500"
"6","1994","Germany","300.0000","0","36.7100"
"6","1994","Germany","230.4000","0","36.7100"
"6","1994","Germany","576.0000","0","36.7100"
"6","1995","Switzerland","216.0000","0.15","1.1700"
"6","1995","Switzerland","798.0000","0","1.1700"
"6","1995","Switzerland","160.0000","0.15","1.1700"
"6","1995","Austria","600.0000","0.1","126.3800"
"6","1995","Austria","576.0000","0.1","126.3800"
"6","1995","Austria","432.0000","0","126.3800"
"6","1995","Austria","667.2000","0.1","126.3800"
"6","1995","Venezuela","268.8000","0.1","184.4100"
"6","1995","Venezuela","1834.0000","0.1","184.4100"
"6","1995","Venezuela","230.4000","0","184.4100"
"6","1995","Brazil","140.0000","0","24.5000"
"6","1995","Brazil","880.0000","0","24.5000"
"6","1995","France","192.0000","0.25","7.9300"
"6","1995","France","288.0000","0.25","7.9300"
"6","1995","Canada","456.0000","0","4.0700"
"6","1995","Canada","222.4000","0","4.0700"
"6","1995","Canada","159.6000","0","4.0700"
"6","1995","Canada","240.0000","0","4.0700"
"6","1995","Germany","87.6000","0.1","14.6800"
"6","1995","Germany","72.0000","0.1","14.6800"
"6","1995","Germany","30.0000","0.1","14.6800"
"6","1995","Germany","84.0000","0.1","14.6800"
"6","1995","France","228.0000","0","1.3500"
"6","1995","France","528.0000","0","1.3500"
"6","1995","Austria","252.0000","0.25","5.2900"
"6","1995","Austria","250.2000","0","5.2900"
"6","1995","France","186.0000","0.05","42.6800"
"6","1995","France","364.8000","0.05","42.6800"
"6","1995","Ireland","1627.5000","0","16.7400"
"6","1995","Ireland","421.0000","0","16.7400"
"6","1995","USA","4456.4400","0","367.6300"
"6","1995","USA","279.0000","0.1","367.6300"
"6","1995","Switzerland","496.0000","0.05","91.7600"
"6","1995","Switzerland","1520.0000","0","91.7600"
"6","1995","Switzerland","340.0000","0.05","91.7600"
"6","1995","USA","63.0000","0","3.3500"
"6","1995","USA","20.0000","0.2","3.3500"
"6","1995","USA","313.2000","0","3.3500"
"6","1995","UK","48.0000","0","12.3600"
"6","1995","UK","150.0000","0","12.3600"
"6","1995","UK","37.5000","0","12.3600"
"6","1995","UK","120.0000","0","12.3600"
"6","1995","USA","697.5000","0.2","252.4900"
"6","1995","USA","322.0000","0.2","252.4900"
"6","1995","USA","81.0000","0.2","252.4900"
"6","1995","USA","1060.0000","0.2","252.4900"
"6","1995","USA","1520.0000","0.2","252.4900"
"6","1995","France","115.8000","0.05","8.0500"
"6","1995","France","432.0000","0.05","8.0500"
"6","1995","UK","493.0000","0","29.9800"
"6","1995","Poland","108.0000","0","80.6500"
"6","1995","Poland","190.0000","0","80.6500"
"6","1995","Poland","510.0000","0","80.6500"
"6","1995","Brazil","210.0000","0","201.2900"
"6","1995","Brazil","406.2500","0.05","201.2900"
"6","1995","Brazil","2280.0000","0.05","201.2900"
"6","1995","Germany","684.0000","0.25","29.4600"
"6","1995","Germany","378.0000","0.25","29.4600"
"6","1995","Germany","24.0000","0.25","29.4600"
"6","1995","USA","69.7500","0.1","57.1500"
"6","1995","USA","544.6000","0.1","57.1500"
"6","1995","USA","57.0000","0.1","57.1500"
"6","1995","Ireland","2310.0000","0.15","220.3100"
"6","1995","Ireland","430.0000","0.15","220.3100"
"6","1995","Ireland","630.0000","0.15","220.3100"
"6","1995","Sweden","95.0000","0","152.3000"
"6","1995","Sweden","1925.0000","0","152.3000"
"6","1995","Sweden","525.0000","0","152.3000"
"6","1995","Brazil","132.0000","0","4.7800"
"6","1995","Brazil","157.5000","0","4.7800"
"6","1995","Brazil","306.0000","0","4.7800"
"6","1995","USA","85.4000","0","2.9600"
"6","1995","USA","95.0000","0","2.9600"
"6","1995","USA","570.0000","0.1","45.9700"
"6","1995","USA","26.0000","0.1","45.9700"
"6","1995","Denmark","920.0000","0.2","69.1900"
"6","1995","Austria","100.0000","0","117.3300"
"6","1995","Austria","337.7500","0","117.3300"
"6","1995","Austria","395.1000","0","117.3300"
"6","1995","Austria","1080.0000","0","117.3300"
"6","1995","Italy","55.2000","0","2.3800"
"6","1995","USA","420.0000","0","8.1900"
"6","1995","USA","385.0000","0","8.1900"
"6","1995","USA","1479.0000","0","8.1900"
"6","1995","USA","798.0000","0","8.1900"
"6","1996","Austria","200.0000","0.1","145.4500"
"6","1996","Austria","2340.0000","0.1","145.4500"
"6","1996","Brazil","90.0000","0.15","28.2300"
"6","1996","Brazil","760.0000","0.15","28.2300"
"6","1996","Germany","1733.0600","0.05","16.8500"
"6","1996","Germany","193.0000","0.05","16.8500"
"6","1996","Brazil","348.7500","0.2","21.4900"
"6","1996","Brazil","44.7000","0.2","21.4900"
"6","1996","UK","1116.0000","0","27.3300"
"6","1996","UK","1094.4000","0","27.3300"
"6","1996","UK","80.0000","0.15","27.3300"
"6","1996","USA","147.9000","0","7.0000"
"6","1996","USA","90.0000","0","7.0000"
"6","1996","France","437.5000","0","7.0900"
"6","1996","France","292.5000","0","7.0900"
"6","1996","Germany","600.0000","0.1","71.4900"
"6","1996","Germany","112.5000","0.1","71.4900"
"6","1996","Germany","295.2000","0.1","71.4900"
"6","1996","USA","98.4000","0","1.9300"
"6","1996","Belgium","380.0000","0","5.6400"
"6","1996","Belgium","54.0000","0","5.6400"
"6","1996","Belgium","450.0000","0","5.6400"
"6","1996","Belgium","325.0000","0","5.6400"
"6","1996","France","108.5000","0","9.1900"
"6","1996","Brazil","537.5000","0","21.1900"
"6","1996","Germany","600.0000","0","33.9300"
"6","1996","Germany","379.7500","0","33.9300"
"6","1996","Germany","195.0000","0","33.9300"
"6","1996","UK","65.6000","0","54.1500"
"6","1996","UK","855.0000","0","54.1500"
"6","1996","Canada","105.0000","0.25","52.9200"
"6","1996","Canada","350.1000","0.25","52.9200"
"6","1996","Canada","684.0000","0","52.9200"
"6","1996","Germany","120.0000","0","44.6500"
"6","1996","Germany","133.0000","0","44.6500"
"6","1996","Germany","424.0000","0","44.6500"
"6","1996","Brazil","155.0000","0.15","4.9800"
"6","1996","USA","848.0000","0","144.3800"
"6","1996","France","156.1500","0","15.1700"
"6","1996","France","57.9000","0","15.1700"
"6","1996","France","77.5000","0","15.1700"
"6","1996","Germany","193.0000","0.05","96.3500"
"6","1996","Germany","795.0000","0.05","96.3500"
"6","1996","Germany","273.0000","0.05","96.3500"
"6","1996","Argentina","36.0000","0","3.1700"
"6","1996","Argentina","40.0000","0","3.1700"
"6","1996","Finland","180.0000","0.1","29.1700"
"6","1996","Finland","120.0000","0.1","29.1700"
"6","1996","USA","810.0000","0","227.2200"
"6","1996","USA","480.0000","0","227.2200"
"6","1996","USA","94.5000","0","227.2200"
"6","1996","USA","665.0000","0","227.2200"
"6","1996","USA","344.0000","0","227.2200"
"6","1996","Canada","37.5000","0","70.5800"
"6","1996","Canada","1272.0000","0","70.5800"
"7","1994","UK","240.0000","0","22.7700"
"7","1994","UK","239.4000","0","22.7700"
"7","1994","Spain","588.0000","0.1","107.8300"
"7","1994","Spain","504.0000","0.1","107.8300"
"7","1994","Spain","150.0000","0.1","107.8300"
"7","1994","Mexico","28.8000","0","1.6100"
"7","1994","Mexico","60.0000","0","1.6100"
"7","1994","Mexico","249.6000","0","64.5000"
"7","1994","Mexico","509.6000","0","64.5000"
"7","1994","Mexico","432.0000","0","64.5000"
"7","1994","Mexico","112.0000","0","0.4000"
"7","1994","Ireland","106.4000","0.2","42.1100"
"7","1994","Ireland","250.0000","0.2","42.1100"
"7","1994","Ireland","153.6000","0.2","42.1100"
"7","1994","Ireland","2035.2000","0.2","42.1100"
"7","1994","Portugal","316.8000","0.1","15.5100"
"7","1994","Denmark","16.0000","0","26.7800"
"7","1994","Denmark","396.0000","0.15","26.7800"
"7","1994","USA","141.6000","0","8.6300"
"7","1994","Austria","201.6000","0.2","360.6300"
"7","1994","Austria","10540.0000","0.2","360.6300"
"7","1994","Denmark","403.2000","0","13.5500"
"7","1994","Denmark","106.2000","0","13.5500"
"7","1994","Denmark","252.0000","0","13.5500"
"7","1994","Denmark","72.8000","0","13.5500"
"7","1995","Brazil","144.0000","0","108.0400"
"7","1995","Brazil","240.0000","0.1","108.0400"
"7","1995","Brazil","1528.8000","0.1","108.0400"
"7","1995","Brazil","76.0000","0.1","108.0400"
"7","1995","Brazil","29.4000","0.1","108.0400"
"7","1995","Canada","864.0000","0.2","370.6100"
"7","1995","Canada","10329.2000","0.2","370.6100"
"7","1995","Canada","300.0000","0.2","370.6100"
"7","1995","Italy","192.0000","0","11.0900"
"7","1995","Belgium","747.0000","0","147.0600"
"7","1995","Belgium","1092.0000","0","147.0600"
"7","1995","Belgium","736.0000","0","147.0600"
"7","1995","Belgium","456.0000","0","147.0600"
"7","1995","Belgium","860.0000","0","147.0600"
"7","1995","USA","392.0000","0.05","15.2800"
"7","1995","USA","312.0000","0.05","15.2800"
"7","1995","Venezuela","2640.0000","0","210.1900"
"7","1995","Venezuela","300.0000","0","210.1900"
"7","1995","Venezuela","223.2000","0","210.1900"
"7","1995","Brazil","200.0000","0.05","46.7700"
"7","1995","Germany","425.6000","0","36.2100"
"7","1995","Germany","695.0000","0","36.2100"
"7","1995","Germany","260.0000","0","36.2100"
"7","1995","Mexico","690.0000","0.15","47.4500"
"7","1995","Mexico","191.2500","0.15","47.4500"
"7","1995","Brazil","45.0000","0.15","3.5300"
"7","1995","Brazil","108.0000","0.15","3.5300"
"7","1995","Brazil","57.0000","0.15","3.5300"
"7","1995","Brazil","408.0000","0.15","3.5300"
"7","1995","Germany","400.0000","0.2","105.6500"
"7","1995","Germany","1600.0000","0.2","105.6500"
"7","1995","Germany","427.5000","0.2","105.6500"
"7","1995","Norway","36.0000","0","13.3700"
"7","1995","Norway","164.0000","0","13.3700"
"7","1995","UK","975.0000","0.1","77.6300"
"7","1995","UK","1215.0000","0.1","77.6300"
"7","1995","UK","468.0000","0.1","77.6300"
"7","1995","UK","57.9000","0.1","77.6300"
"7","1995","Germany","1100.0000","0.1","41.9000"
"7","1995","Germany","570.0000","0.1","41.9000"
"7","1995","Argentina","110.0000","0","8.1200"
"7","1995","UK","388.3500","0","74.4600"
"7","1995","UK","408.0000","0","74.4600"
"7","1995","Spain","312.0000","0.1","4.3200"
"7","1995","Spain","92.0000","0","4.3200"
"7","1995","Spain","60.0000","0.1","4.3200"
"7","1995","Spain","285.0000","0.1","4.3200"
"7","1995","Mexico","702.0000","0","84.8400"
"7","1995","Mexico","560.0000","0","84.8400"
"7","1995","Mexico","820.0000","0","84.8400"
"7","1995","Brazil","142.5000","0","13.4100"
"7","1995","Germany","1701.0000","0.2","174.2000"
"7","1995","Germany","720.0000","0.2","174.2000"
"7","1995","Germany","72.0000","0.2","174.2000"
"7","1995","Austria","157.5000","0.2","35.1200"
"7","1995","Austria","390.0000","0","35.1200"
"7","1995","Austria","252.6000","0.2","35.1200"
"7","1995","Venezuela","360.0000","0","58.3000"
"7","1995","Venezuela","1925.0000","0","58.3000"
"7","1995","France","54.0000","0","1.8500"
"7","1995","France","310.0000","0","1.8500"
"7","1995","France","60.0000","0","1.8500"
"7","1995","Austria","1368.0000","0.15","477.9000"
"7","1995","Austria","78.0000","0.15","477.9000"
"7","1995","Austria","1093.0500","0.15","477.9000"
"7","1995","Austria","3944.0000","0.15","477.9000"
"7","1995","Norway","500.0000","0","38.6400"
"7","1995","Denmark","300.0000","0.2","41.8900"
"7","1995","Denmark","570.0000","0.2","41.8900"
"7","1995","Brazil","250.0000","0.05","105.8100"
"7","1995","Brazil","441.6000","0.05","105.8100"
"7","1995","Brazil","600.0000","0.05","105.8100"
"7","1995","Ireland","54.0000","0.2","17.5500"
"7","1995","Ireland","649.2500","0.2","17.5500"
"7","1995","Switzerland","4456.4400","0","232.4200"
"7","1995","Switzerland","210.5000","0","232.4200"
"7","1995","Austria","1620.0000","0.2","78.0900"
"7","1995","Austria","301.0000","0.2","78.0900"
"7","1995","USA","3800.0000","0","388.9800"
"7","1995","USA","75.0000","0","388.9800"
"7","1995","USA","1158.0000","0","388.9800"
"7","1995","USA","223.5000","0","388.9800"
"7","1995","Finland","400.0000","0","16.7200"
"7","1995","Finland","152.0000","0","16.7200"
"7","1995","Finland","90.0000","0","16.7200"
"7","1995","Switzerland","400.0000","0.05","96.6500"
"7","1995","Switzerland","1590.0000","0.05","96.6500"
"7","1996","USA","186.0000","0","20.2500"
"7","1996","USA","42.0000","0","20.2500"
"7","1996","Brazil","280.0000","0.2","3.0100"
"7","1996","Germany","420.0000","0","33.3500"
"7","1996","Brazil","140.0000","0","4.8700"
"7","1996","Italy","640.0000","0","65.4800"
"7","1996","Italy","193.0000","0","65.4800"
"7","1996","Austria","1092.0000","0","411.8800"
"7","1996","Austria","108.0000","0","411.8800"
"7","1996","Austria","468.0000","0","411.8800"
"7","1996","Austria","2040.0000","0","411.8800"
"7","1996","Austria","997.5000","0","411.8800"
"7","1996","UK","640.5000","0","38.2400"
"7","1996","UK","291.0000","0","38.2400"
"7","1996","Brazil","624.6000","0","191.2700"
"7","1996","Brazil","540.0000","0","191.2700"
"7","1996","Brazil","840.0000","0.1","191.2700"
"7","1996","France","252.0000","0","60.4200"
"7","1996","France","665.0000","0","60.4200"
"7","1996","Sweden","270.0000","0.2","88.0100"
"7","1996","Sweden","855.0000","0.2","88.0100"
"7","1996","Sweden","750.0000","0.2","88.0100"
"7","1996","France","585.0000","0","32.7600"
"7","1996","France","140.0000","0","32.7600"
"7","1996","France","135.1000","0","32.7600"
"7","1996","Germany","388.3500","0.05","20.3700"
"7","1996","Belgium","142.5000","0","32.4500"
"7","1996","Belgium","608.0000","0","32.4500"
"7","1996","France","140.0000","0.2","68.2600"
"7","1996","France","460.0000","0.2","68.2600"
"7","1996","France","336.0000","0.2","68.2600"
"7","1996","Argentina","364.8000","0","31.5100"
"7","1996","Argentina","280.0000","0","31.5100"
"7","1996","USA","550.0000","0.25","400.8100"
"7","1996","USA","1479.0000","0.25","400.8100"
"7","1996","USA","1000.0000","0.25","400.8100"
"7","1996","USA","1740.0000","0","400.8100"
"7","1996","Argentina","427.0000","0","49.5600"
"7","1996","Argentina","180.0000","0","49.5600"
"7","1996","Argentina","174.0000","0","49.5600"
"7","1996","Sweden","6189.5000","0.25","8.8100"
"7","1996","Sweden","337.7500","0.25","8.8100"
"7","1996","Austria","3192.0000","0.05","79.4600"
"7","1996","Austria","1260.0000","0.05","79.4600"
"7","1996","Austria","451.5000","0","79.4600"
"7","1996","USA","1900.0000","0.25","830.7500"
"7","1996","USA","1494.5000","0","830.7500"
"7","1996","USA","7427.4000","0.25","830.7500"
"7","1996","USA","5500.0000","0.25","830.7500"
"7","1996","Switzerland","2296.0000","0.1","84.7400"
"7","1996","Switzerland","1296.0000","0.1","84.7400"
"7","1996","Spain","60.0000","0","3.2000"
"7","1996","UK","450.0000","0.25","46.6200"
"7","1996","UK","640.5000","0.25","46.6200"
"7","1996","Canada","525.0000","0","24.1200"
"7","1996","France","45.0000","0.2","2.7900"
"7","1996","Venezuela","67.5000","0","120.9200"
"7","1996","Venezuela","210.0000","0","120.9200"
"7","1996","Venezuela","1060.0000","0","120.9200"
"7","1996","Venezuela","390.0000","0","120.9200"
"7","1996","USA","52.3500","0","44.7200"
"7","1996","USA","386.4000","0","44.7200"
"7","1996","USA","490.0000","0","44.7200"
"7","1996","Denmark","244.3000","0.05","18.4400"
"8","1994","USA","204.0000","0.2","48.2900"
"8","1994","USA","360.0000","0","48.2900"
"8","1994","USA","60.8000","0","48.2900"
"8","1994","Venezuela","990.0000","0","66.2900"
"8","1994","Venezuela","111.2000","0","66.2900"
"8","1994","Mexico","372.0000","0","13.8400"
"8","1994","Mexico","48.0000","0","13.8400"
"8","1994","Sweden","248.0000","0","92.6900"
"8","1994","Sweden","660.0000","0","92.6900"
"8","1994","Sweden","280.8000","0","92.6900"
"8","1994","Sweden","300.0000","0","92.6900"
"8","1994","Germany","468.0000","0.25","25.8300"
"8","1994","Germany","1440.0000","0","229.2400"
"8","1994","Germany","1576.0000","0","229.2400"
"8","1994","Brazil","556.0000","0.15","12.7600"
"8","1994","Brazil","224.0000","0","12.7600"
"8","1994","Brazil","144.0000","0.15","12.7600"
"8","1994","Brazil","340.0000","0","79.7000"
"8","1994","Brazil","1485.0000","0","79.7000"
"8","1994","Brazil","240.0000","0","79.7000"
"8","1994","Brazil","104.0000","0","79.7000"
"8","1994","Germany","147.0000","0","45.0800"
"8","1994","Germany","608.0000","0","45.0800"
"8","1994","USA","1250.0000","0.1","257.6200"
"8","1994","USA","2475.0000","0.1","257.6200"
"8","1994","USA","432.0000","0.1","257.6200"
"8","1994","USA","139.0000","0","17.5200"
"8","1994","USA","197.0000","0","17.5200"
"8","1994","UK","154.0000","0","4.7300"
"8","1994","UK","86.4000","0","4.7300"
"8","1994","France","44.8000","0","8.5600"
"8","1994","France","100.0000","0","8.5600"
"8","1994","Mexico","172.8000","0","53.8000"
"8","1994","Mexico","396.0000","0","53.8000"
"8","1994","Spain","84.0000","0","10.1400"
"8","1994","Spain","52.0000","0","10.1400"
"8","1995","USA","1980.0000","0","195.6800"
"8","1995","USA","547.2000","0.25","195.6800"
"8","1995","Ireland","372.6000","0.1","35.0300"
"8","1995","Ireland","524.0000","0.1","35.0300"
"8","1995","Ireland","163.2000","0.1","35.0300"
"8","1995","Ireland","360.0000","0","35.0300"
"8","1995","UK","96.0000","0","34.2400"
"8","1995","UK","195.0000","0","34.2400"
"8","1995","UK","608.0000","0","34.2400"
"8","1995","Denmark","600.0000","0","27.3600"
"8","1995","Denmark","516.0000","0","27.3600"
"8","1995","Denmark","504.0000","0","27.3600"
"8","1995","Denmark","145.6000","0","27.3600"
"8","1995","Austria","432.0000","0","67.8800"
"8","1995","Austria","2281.5000","0","67.8800"
"8","1995","France","208.0000","0","11.2600"
"8","1995","France","35.4000","0","11.2600"
"8","1995","France","1379.0000","0","11.2600"
"8","1995","Finland","372.0000","0.1","3.7700"
"8","1995","Finland","146.0000","0","22.7200"
"8","1995","Finland","262.0000","0","22.7200"
"8","1995","Finland","312.0000","0","22.7200"
"8","1995","Brazil","29.2000","0.15","99.2300"
"8","1995","Brazil","747.0000","0","99.2300"
"8","1995","Brazil","393.0000","0.15","99.2300"
"8","1995","Brazil","104.0000","0.15","99.2300"
"8","1995","UK","152.0000","0","9.2100"
"8","1995","UK","201.6000","0","9.2100"
"8","1995","UK","278.0000","0","9.2100"
"8","1995","Finland","393.0000","0","19.9700"
"8","1995","Italy","100.8000","0.2","13.9500"
"8","1995","Italy","436.8000","0","13.9500"
"8","1995","France","496.0000","0.2","7.2300"
"8","1995","France","35.4000","0.2","7.2300"
"8","1995","USA","546.0000","0","140.2600"
"8","1995","USA","1550.0000","0.05","140.2600"
"8","1995","Finland","288.0000","0","180.4500"
"8","1995","Finland","1310.0000","0","180.4500"
"8","1995","Finland","570.0000","0","180.4500"
"8","1995","Finland","516.0000","0","180.4500"
"8","1995","Germany","320.0000","0.15","8.1200"
"8","1995","Germany","336.0000","0.15","8.1200"
"8","1995","Sweden","210.0000","0.25","16.2700"
"8","1995","Sweden","24.8000","0.25","16.2700"
"8","1995","Italy","100.8000","0","4.9300"
"8","1995","Italy","134.4000","0","4.9300"
"8","1995","UK","288.0000","0.05","4.2000"
"8","1995","UK","763.2000","0","4.2000"
"8","1995","Venezuela","38.4000","0.05","4.4100"
"8","1995","Venezuela","144.0000","0","4.4100"
"8","1995","Brazil","384.0000","0","64.3300"
"8","1995","Brazil","1088.0000","0","64.3300"
"8","1995","Germany","1320.0000","0","4.9300"
"8","1995","Germany","240.0000","0.2","4.9300"
"8","1995","Portugal","232.5000","0.15","16.9600"
"8","1995","Portugal","72.8000","0.15","16.9600"
"8","1995","Venezuela","63.0000","0","29.7500"
"8","1995","Venezuela","92.0000","0","29.7500"
"8","1995","Venezuela","420.0000","0","29.7500"
"8","1995","Argentina","54.0000","0","17.2200"
"8","1995","Argentina","96.5000","0","17.2200"
"8","1995","Argentina","75.0000","0","17.2200"
"8","1995","Sweden","1100.0000","0.05","188.0400"
"8","1995","Sweden","835.2000","0","188.0400"
"8","1995","Sweden","360.0000","0.05","188.0400"
"8","1995","Germany","258.9000","0","27.9400"
"8","1995","Germany","184.0000","0.2","27.9400"
"8","1995","Germany","74.5000","0.2","27.9400"
"8","1995","Venezuela","1140.0000","0.15","48.1700"
"8","1995","Venezuela","630.0000","0.15","48.1700"
"8","1995","USA","210.0000","0","11.9200"
"8","1995","Germany","517.8000","0","36.6500"
"8","1995","Germany","739.5000","0.25","36.6500"
"8","1995","Canada","112.5000","0.1","7.1500"
"8","1995","Canada","598.5000","0.1","7.1500"
"8","1995","Austria","255.7500","0.15","26.0600"
"8","1995","Austria","392.0000","0.15","26.0600"
"8","1995","USA","72.0000","0","4.4200"
"8","1995","USA","190.0000","0.2","16.3400"
"8","1995","USA","1053.6000","0.2","16.3400"
"8","1995","USA","232.5000","0.2","16.3400"
"8","1995","Denmark","65.0000","0.25","2.9200"
"8","1995","USA","1008.0000","0","48.7700"
"8","1995","USA","500.0000","0.05","48.7700"
"8","1995","France","399.0000","0.25","26.7800"
"8","1995","Germany","294.0000","0","1.9300"
"8","1995","Germany","80.0000","0","1.9300"
"8","1995","Germany","90.0000","0","1.9300"
"8","1995","Germany","488.2500","0","97.1800"
"8","1995","Germany","138.0000","0.1","97.1800"
"8","1995","Germany","250.0000","0.1","97.1800"
"8","1995","Germany","13.5000","0","97.1800"
"8","1995","Germany","540.0000","0.1","97.1800"
"8","1995","USA","739.5000","0","107.4600"
"8","1995","USA","525.0000","0.15","107.4600"
"8","1995","France","62.0000","0.1","0.8700"
"8","1995","Germany","570.0000","0.05","41.3800"
"8","1995","Germany","50.0000","0.05","41.3800"
"8","1995","Italy","220.0000","0.1","47.4600"
"8","1995","Italy","320.2500","0.1","47.4600"
"8","1995","Italy","840.0000","0","47.4600"
"8","1995","Germany","110.4000","0.25","20.6000"
"8","1995","Germany","420.0000","0.25","20.6000"
"8","1995","USA","1701.0000","0","111.2900"
"8","1995","France","660.0000","0","27.9400"
"8","1995","Germany","2700.0000","0","398.3600"
"8","1995","Germany","1375.0000","0","398.3600"
"8","1995","Germany","750.0000","0","398.3600"
"8","1995","USA","780.0000","0","102.5500"
"8","1995","USA","216.0000","0","102.5500"
"8","1995","USA","349.0000","0","135.6300"
"8","1995","USA","1104.0000","0","135.6300"
"8","1995","USA","440.0000","0","135.6300"
"8","1995","USA","750.0000","0.25","51.4400"
"8","1995","USA","77.6700","0.25","51.4400"
"8","1995","USA","298.0000","0.25","51.4400"
"8","1995","Brazil","378.0000","0","9.5300"
"8","1995","Brazil","172.0000","0","9.5300"
"8","1995","USA","57.0000","0","74.5800"
"8","1995","USA","625.0000","0","74.5800"
"8","1995","USA","562.5000","0","74.5800"
"8","1995","USA","325.5000","0","74.5800"
"8","1995","Canada","496.0000","0","57.7500"
"8","1995","Canada","142.5000","0","57.7500"
"8","1995","Venezuela","900.0000","0","141.0600"
"8","1995","Venezuela","300.0000","0","141.0600"
"8","1995","Venezuela","650.0000","0","141.0600"
"8","1995","USA","1312.5000","0.2","73.2100"
"8","1995","USA","380.0000","0.2","73.2100"
"8","1995","USA","75.0000","0.2","73.2100"
"8","1995","USA","720.0000","0.2","73.2100"
"8","1996","Brazil","315.0000","0.25","5.3200"
"8","1996","Brazil","1200.0000","0.2","110.8700"
"8","1996","Brazil","388.3500","0.2","110.8700"
"8","1996","Brazil","325.5000","0.2","110.8700"
"8","1996","Austria","1134.2500","0","126.6600"
"8","1996","Austria","1365.0000","0.25","126.6600"
"8","1996","Venezuela","138.0000","0","31.2200"
"8","1996","Venezuela","162.0000","0","31.2200"
"8","1996","Venezuela","552.0000","0","31.2200"
"8","1996","Sweden","115.8000","0","1.2300"
"8","1996","Sweden","135.0000","0","1.2300"
"8","1996","Austria","735.0000","0","25.2200"
"8","1996","Germany","630.0000","0.1","212.9800"
"8","1996","Germany","450.0000","0.1","212.9800"
"8","1996","Germany","588.0000","0.1","212.9800"
"8","1996","Germany","795.0000","0.1","212.9800"
"8","1996","Germany","1596.0000","0","212.9800"
"8","1996","USA","285.0000","0","174.0500"
"8","1996","USA","234.0000","0","174.0500"
"8","1996","USA","2465.0000","0","174.0500"
"8","1996","Sweden","300.0000","0","188.8500"
"8","1996","Sweden","1093.0500","0.25","188.8500"
"8","1996","Sweden","1237.9000","0.25","188.8500"
"8","1996","Germany","525.0000","0","53.2300"
"8","1996","Germany","56.0000","0","53.2300"
"8","1996","USA","36.0000","0","0.5300"
"8","1996","Spain","70.0000","0","1.2500"
"8","1996","France","523.5000","0.1","134.6400"
"8","1996","France","690.2000","0.1","134.6400"
"8","1996","France","556.8000","0","134.6400"
"8","1996","France","155.0000","0.1","134.6400"
"8","1996","France","240.0000","0","19.7700"
"8","1996","France","120.0000","0","19.7700"
"8","1996","Sweden","93.0000","0.2","3.2600"
"8","1996","Venezuela","776.7000","0","105.3600"
"8","1996","Venezuela","720.0000","0","105.3600"
"8","1996","Venezuela","266.0000","0","105.3600"
"8","1996","Brazil","42.0000","0.05","104.4700"
"8","1996","Brazil","1080.0000","0","104.4700"
"8","1996","Germany","1350.0000","0","275.7900"
"8","1996","Germany","462.0000","0","275.7900"
"8","1996","Germany","656.0000","0","275.7900"
"8","1996","Germany","324.0000","0","275.7900"
"8","1996","Germany","792.0000","0","275.7900"
"8","1996","Sweden","540.0000","0","208.5000"
"8","1996","Sweden","285.0000","0","208.5000"
"8","1996","Sweden","530.0000","0","208.5000"
"8","1996","Sweden","878.0000","0","208.5000"
"8","1996","Austria","540.0000","0","353.0700"
"8","1996","Austria","760.0000","0","353.0700"
"8","1996","Austria","360.0000","0","353.0700"
"8","1996","Austria","1317.0000","0","353.0700"
"8","1996","Austria","300.0000","0","353.0700"
"8","1996","Austria","1536.5000","0","353.0700"
"8","1996","Argentina","630.0000","0","217.8600"
"8","1996","Argentina","1215.0000","0","217.8600"
"8","1996","Argentina","180.0000","0","217.8600"
"8","1996","Argentina","195.0000","0","217.8600"
"8","1996","UK","1800.0000","0","185.4800"
"8","1996","UK","276.0000","0","185.4800"
"8","1996","UK","696.0000","0","185.4800"
"8","1996","Venezuela","1600.0000","0","73.9100"
"8","1996","Venezuela","240.0000","0.25","73.9100"
"8","1996","Venezuela","140.0000","0.25","73.9100"
"8","1996","Poland","54.0000","0","20.3100"
"8","1996","Poland","199.5000","0","20.3100"
"8","1996","Poland","200.0000","0","20.3100"
"8","1996","Poland","232.5000","0","20.3100"
"8","1996","Portugal","1200.0000","0","202.2400"
"8","1996","Portugal","1237.9000","0","202.2400"
"8","1996","Portugal","196.0000","0","202.2400"
"8","1996","USA","150.0000","0.1","40.3200"
"8","1996","USA","233.4000","0","40.3200"
"8","1996","USA","171.0000","0","40.3200"
"8","1996","Germany","42.0000","0","149.4700"
"8","1996","Germany","1650.0000","0","149.4700"
"8","1996","Germany","760.0000","0.05","71.6400"
"8","1996","Germany","480.0000","0.05","71.6400"
"8","1996","Germany","324.0000","0.05","71.6400"
"8","1996","Sweden","900.0000","0.1","59.4100"
"8","1996","Argentina","25.0000","0","0.3300"
"8","1996","Argentina","280.0000","0","0.3300"
"8","1996","UK","1200.0000","0","278.9600"
"8","1996","UK","840.0000","0","278.9600"
"8","1996","UK","1700.0000","0","278.9600"
"8","1996","Venezuela","103.5600","0.25","12.9100"
"8","1996","Venezuela","149.0000","0.25","12.9100"
"8","1996","Brazil","364.8000","0.15","81.7500"
"8","1996","Brazil","1656.0000","0.15","81.7500"
"8","1996","Brazil","364.0000","0.15","81.7500"
"8","1996","Switzerland","190.0000","0.15","6.1900"
"8","1996","Switzerland","360.0000","0.15","6.1900"
"8","1996","Switzerland","36.0000","0.15","6.1900"
"9","1994","Switzerland","304.0000","0","148.3300"
"9","1994","Switzerland","486.5000","0","148.3300"
"9","1994","Switzerland","380.0000","0","148.3300"
"9","1994","Switzerland","1320.0000","0","148.3300"
"9","1994","Austria","834.0000","0.25","146.0600"
"9","1994","Austria","100.8000","0","146.0600"
"9","1994","Austria","1242.0000","0.25","146.0600"
"9","1994","Austria","288.0000","0.25","146.0600"
"9","1994","USA","291.9000","0.15","214.2700"
"9","1994","USA","1008.0000","0.15","214.2700"
"9","1994","USA","288.0000","0","214.2700"
"9","1994","USA","1760.0000","0.15","214.2700"
"9","1994","USA","2808.0000","0.15","214.2700"
"9","1994","France","88.5000","0","10.1900"
"9","1995","Brazil","54.0000","0","13.9900"
"9","1995","Brazil","112.0000","0","13.9900"
"9","1995","Canada","192.5000","0.2","23.6500"
"9","1995","Canada","620.0000","0.2","23.6500"
"9","1995","Canada","396.0000","0.2","23.6500"
"9","1995","Belgium","350.0000","0.15","68.5200"
"9","1995","Belgium","816.0000","0.15","68.5200"
"9","1995","Belgium","604.8000","0.15","68.5200"
"9","1995","Germany","149.0000","0","8.8500"
"9","1995","Germany","252.0000","0.1","21.1900"
"9","1995","Germany","210.0000","0.1","21.1900"
"9","1995","UK","105.0000","0","4.8700"
"9","1995","UK","34.8000","0","4.8700"
"9","1995","Germany","997.5000","0","96.7200"
"9","1995","Germany","155.0000","0","96.7200"
"9","1995","France","735.0000","0.15","88.4000"
"9","1995","France","1125.0000","0.15","88.4000"
"9","1995","France","180.0000","0","88.4000"
"9","1995","USA","180.0000","0","25.4100"
"9","1995","USA","155.0000","0","25.4100"
"9","1995","USA","234.0000","0","25.4100"
"9","1995","Italy","28.0000","0.15","0.4800"
"9","1995","Ireland","270.0000","0.25","142.3300"
"9","1995","Ireland","558.0000","0.25","142.3300"
"9","1995","Ireland","645.0000","0.25","142.3300"
"9","1995","Ireland","455.0000","0.25","142.3300"
"9","1995","Sweden","3952.5000","0.1","95.7500"
"9","1995","Sweden","258.0000","0","95.7500"
"9","1995","Ireland","4850.0000","0.25","296.4300"
"9","1995","Ireland","1237.9000","0","296.4300"
"9","1995","Ireland","114.0000","0.25","296.4300"
"9","1995","Venezuela","250.0000","0","3.5200"
"9","1995","Venezuela","128.0000","0","3.5200"
"9","1995","Ireland","842.0000","0","44.1000"
"9","1995","Ireland","155.0000","0","44.1000"
"9","1995","Germany","1500.0000","0","3.5200"
"9","1995","Germany","311.2000","0","3.5200"
"9","1995","Germany","2475.0000","0","3.5200"
"9","1995","Germany","243.6000","0","3.5200"
"9","1995","Finland","116.2500","0.15","79.3000"
"9","1995","Finland","380.0000","0.15","79.3000"
"9","1995","Finland","1375.0000","0.15","79.3000"
"9","1996","Austria","344.0000","0","11.1900"
"9","1996","Argentina","12.5000","0","1.1000"
"9","1996","Germany","120.0000","0.15","30.7600"
"9","1996","Germany","90.0000","0.15","30.7600"
"9","1996","Germany","1375.0000","0","30.7600"
"9","1996","Argentina","405.0000","0","90.8500"
"9","1996","Argentina","527.0000","0","90.8500"
"9","1996","UK","190.0000","0","154.7200"
"9","1996","UK","800.0000","0","154.7200"
"9","1996","UK","60.0000","0","154.7200"
"9","1996","UK","714.0000","0","154.7200"
"9","1996","Sweden","36.0000","0","13.3200"
"9","1996","Sweden","460.0000","0","13.3200"
"9","1996","Sweden","380.0000","0.25","13.3200"
"9","1996","Sweden","378.0000","0.25","13.3200"
"9","1996","Germany","490.0000","0","0.5600"
"9","1996","Germany","562.1400","0.15","0.5600"
"9","1996","Germany","625.0000","0","53.8300"
"9","1996","France","1250.0000","0.05","112.2700"
"9","1996","France","209.4000","0.05","112.2700"
"9","1996","France","624.0000","0.05","112.2700"
"9","1996","USA","840.0000","0","280.6100"
"9","1996","USA","10540.0000","0","280.6100"
"9","1996","Germany","1200.0000","0","77.7800"
"9","1996","Germany","45.0000","0","77.7800"
"9","1996","Germany","2970.9600","0","77.7800"
"9","1996","Germany","906.1500","0","77.7800"
"9","1996","Germany","380.0000","0","77.7800"
"9","1996","Brazil","360.0000","0.05","13.7200"
"9","1996","Italy","560.0000","0","17.9500"
"9","1996","Switzerland","37.5000","0.05","30.8500"
"9","1996","Switzerland","57.9000","0.05","30.8500"
"9","1996","Switzerland","387.5000","0.05","30.8500"
"9","1996","UK","4050.0000","0.05","23.7200"
"9","1996","UK","625.0000","0.05","23.7200"
"9","1996","Portugal","68.0000","0.15","2.7000"
"9","1996","Spain","280.0000","0.2","16.1600"
"9","1996","Belgium","800.0000","0.15","32.8200"
"9","1996","Belgium","400.0000","0.15","32.8200"
"9","1996","Belgium","184.0000","0","32.8200"
"9","1996","Belgium","116.7000","0.15","32.8200"
"9","1996","UK","187.5000","0","33.8000"
"9","1996","UK","304.0000","0","33.8000"
"9","1996","Austria","250.0000","0","754.2600"
"9","1996","Austria","6050.0000","0","754.2600"
"9","1996","Austria","450.0000","0","754.2600"
"9","1996","Brazil","322.0000","0","6.2700"
"9","1996","Brazil","1080.0000","0","6.2700"
"9","1996","Germany","30.0000","0","31.1400"
"9","1996","Germany","714.0000","0","31.1400"
"9","1996","Germany","114.0000","0","31.1400"
